dataset,column_name,data_type,missing_values,missing_percent,unique_values
calendar,date,object,0,0.0,1969
calendar,wm_yr_wk,int64,0,0.0,282
calendar,weekday,object,0,0.0,7
calendar,wday,int64,0,0.0,7
calendar,month,int64,0,0.0,12
calendar,year,int64,0,0.0,6
calendar,d,object,0,0.0,1969
calendar,event_name_1,object,1807,91.77,30
calendar,event_type_1,object,1807,91.77,4
calendar,event_name_2,object,1964,99.75,4
calendar,event_type_2,object,1964,99.75,2
calendar,snap_CA,int64,0,0.0,2
calendar,snap_TX,int64,0,0.0,2
calendar,snap_WI,int64,0,0.0,2
sell_prices,store_id,object,0,0.0,10
sell_prices,item_id,object,0,0.0,3049
sell_prices,wm_yr_wk,int64,0,0.0,282
sell_prices,sell_price,float64,0,0.0,1048
m5_sales,id,object,0,0.0,30490
m5_sales,item_id,object,0,0.0,3049
m5_sales,dept_id,object,0,0.0,7
m5_sales,cat_id,object,0,0.0,3
m5_sales,store_id,object,0,0.0,10
m5_sales,state_id,object,0,0.0,3
m5_sales,d_1,int64,0,0.0,84
m5_sales,d_2,int64,0,0.0,82
m5_sales,d_3,int64,0,0.0,72
m5_sales,d_4,int64,0,0.0,79
m5_sales,d_5,int64,0,0.0,63
m5_sales,d_6,int64,0,0.0,84
m5_sales,d_7,int64,0,0.0,85
m5_sales,d_8,int64,0,0.0,100
m5_sales,d_9,int64,0,0.0,91
m5_sales,d_10,int64,0,0.0,73
m5_sales,d_11,int64,0,0.0,68
m5_sales,d_12,int64,0,0.0,69
m5_sales,d_13,int64,0,0.0,65
m5_sales,d_14,int64,0,0.0,68
m5_sales,d_15,int64,0,0.0,81
m5_sales,d_16,int64,0,0.0,82
m5_sales,d_17,int64,0,0.0,61
m5_sales,d_18,int64,0,0.0,67
m5_sales,d_19,int64,0,0.0,60
m5_sales,d_20,int64,0,0.0,52
m5_sales,d_21,int64,0,0.0,62
m5_sales,d_22,int64,0,0.0,75
m5_sales,d_23,int64,0,0.0,64
m5_sales,d_24,int64,0,0.0,60
m5_sales,d_25,int64,0,0.0,58
m5_sales,d_26,int64,0,0.0,54
m5_sales,d_27,int64,0,0.0,53
m5_sales,d_28,int64,0,0.0,56
m5_sales,d_29,int64,0,0.0,65
m5_sales,d_30,int64,0,0.0,71
m5_sales,d_31,int64,0,0.0,54
m5_sales,d_32,int64,0,0.0,60
m5_sales,d_33,int64,0,0.0,55
m5_sales,d_34,int64,0,0.0,61
m5_sales,d_35,int64,0,0.0,62
m5_sales,d_36,int64,0,0.0,73
m5_sales,d_37,int64,0,0.0,80
m5_sales,d_38,int64,0,0.0,60
m5_sales,d_39,int64,0,0.0,58
m5_sales,d_40,int64,0,0.0,58
m5_sales,d_41,int64,0,0.0,59
m5_sales,d_42,int64,0,0.0,63
m5_sales,d_43,int64,0,0.0,74
m5_sales,d_44,int64,0,0.0,71
m5_sales,d_45,int64,0,0.0,62
m5_sales,d_46,int64,0,0.0,65
m5_sales,d_47,int64,0,0.0,56
m5_sales,d_48,int64,0,0.0,61
m5_sales,d_49,int64,0,0.0,58
m5_sales,d_50,int64,0,0.0,71
m5_sales,d_51,int64,0,0.0,70
m5_sales,d_52,int64,0,0.0,59
m5_sales,d_53,int64,0,0.0,56
m5_sales,d_54,int64,0,0.0,55
m5_sales,d_55,int64,0,0.0,54
m5_sales,d_56,int64,0,0.0,60
m5_sales,d_57,int64,0,0.0,70
m5_sales,d_58,int64,0,0.0,64
m5_sales,d_59,int64,0,0.0,56
m5_sales,d_60,int64,0,0.0,49
m5_sales,d_61,int64,0,0.0,51
m5_sales,d_62,int64,0,0.0,60
m5_sales,d_63,int64,0,0.0,69
m5_sales,d_64,int64,0,0.0,72
m5_sales,d_65,int64,0,0.0,75
m5_sales,d_66,int64,0,0.0,66
m5_sales,d_67,int64,0,0.0,65
m5_sales,d_68,int64,0,0.0,62
m5_sales,d_69,int64,0,0.0,57
m5_sales,d_70,int64,0,0.0,58
m5_sales,d_71,int64,0,0.0,71
m5_sales,d_72,int64,0,0.0,74
m5_sales,d_73,int64,0,0.0,64
m5_sales,d_74,int64,0,0.0,61
m5_sales,d_75,int64,0,0.0,59
m5_sales,d_76,int64,0,0.0,58
m5_sales,d_77,int64,0,0.0,65
m5_sales,d_78,int64,0,0.0,69
m5_sales,d_79,int64,0,0.0,75
m5_sales,d_80,int64,0,0.0,62
m5_sales,d_81,int64,0,0.0,58
m5_sales,d_82,int64,0,0.0,56
m5_sales,d_83,int64,0,0.0,57
m5_sales,d_84,int64,0,0.0,68
m5_sales,d_85,int64,0,0.0,73
m5_sales,d_86,int64,0,0.0,69
m5_sales,d_87,int64,0,0.0,51
m5_sales,d_88,int64,0,0.0,52
m5_sales,d_89,int64,0,0.0,52
m5_sales,d_90,int64,0,0.0,48
m5_sales,d_91,int64,0,0.0,59
m5_sales,d_92,int64,0,0.0,70
m5_sales,d_93,int64,0,0.0,77
m5_sales,d_94,int64,0,0.0,60
m5_sales,d_95,int64,0,0.0,61
m5_sales,d_96,int64,0,0.0,53
m5_sales,d_97,int64,0,0.0,57
m5_sales,d_98,int64,0,0.0,64
m5_sales,d_99,int64,0,0.0,73
m5_sales,d_100,int64,0,0.0,67
m5_sales,d_101,int64,0,0.0,67
m5_sales,d_102,int64,0,0.0,63
m5_sales,d_103,int64,0,0.0,62
m5_sales,d_104,int64,0,0.0,63
m5_sales,d_105,int64,0,0.0,64
m5_sales,d_106,int64,0,0.0,67
m5_sales,d_107,int64,0,0.0,75
m5_sales,d_108,int64,0,0.0,59
m5_sales,d_109,int64,0,0.0,50
m5_sales,d_110,int64,0,0.0,47
m5_sales,d_111,int64,0,0.0,51
m5_sales,d_112,int64,0,0.0,60
m5_sales,d_113,int64,0,0.0,66
m5_sales,d_114,int64,0,0.0,65
m5_sales,d_115,int64,0,0.0,58
m5_sales,d_116,int64,0,0.0,55
m5_sales,d_117,int64,0,0.0,54
m5_sales,d_118,int64,0,0.0,57
m5_sales,d_119,int64,0,0.0,60
m5_sales,d_120,int64,0,0.0,63
m5_sales,d_121,int64,0,0.0,64
m5_sales,d_122,int64,0,0.0,62
m5_sales,d_123,int64,0,0.0,56
m5_sales,d_124,int64,0,0.0,64
m5_sales,d_125,int64,0,0.0,57
m5_sales,d_126,int64,0,0.0,66
m5_sales,d_127,int64,0,0.0,76
m5_sales,d_128,int64,0,0.0,79
m5_sales,d_129,int64,0,0.0,69
m5_sales,d_130,int64,0,0.0,66
m5_sales,d_131,int64,0,0.0,64
m5_sales,d_132,int64,0,0.0,65
m5_sales,d_133,int64,0,0.0,67
m5_sales,d_134,int64,0,0.0,73
m5_sales,d_135,int64,0,0.0,80
m5_sales,d_136,int64,0,0.0,67
m5_sales,d_137,int64,0,0.0,67
m5_sales,d_138,int64,0,0.0,65
m5_sales,d_139,int64,0,0.0,58
m5_sales,d_140,int64,0,0.0,65
m5_sales,d_141,int64,0,0.0,77
m5_sales,d_142,int64,0,0.0,69
m5_sales,d_143,int64,0,0.0,66
m5_sales,d_144,int64,0,0.0,68
m5_sales,d_145,int64,0,0.0,55
m5_sales,d_146,int64,0,0.0,61
m5_sales,d_147,int64,0,0.0,66
m5_sales,d_148,int64,0,0.0,65
m5_sales,d_149,int64,0,0.0,68
m5_sales,d_150,int64,0,0.0,61
m5_sales,d_151,int64,0,0.0,57
m5_sales,d_152,int64,0,0.0,58
m5_sales,d_153,int64,0,0.0,59
m5_sales,d_154,int64,0,0.0,78
m5_sales,d_155,int64,0,0.0,85
m5_sales,d_156,int64,0,0.0,80
m5_sales,d_157,int64,0,0.0,69
m5_sales,d_158,int64,0,0.0,69
m5_sales,d_159,int64,0,0.0,65
m5_sales,d_160,int64,0,0.0,65
m5_sales,d_161,int64,0,0.0,67
m5_sales,d_162,int64,0,0.0,76
m5_sales,d_163,int64,0,0.0,74
m5_sales,d_164,int64,0,0.0,68
m5_sales,d_165,int64,0,0.0,63
m5_sales,d_166,int64,0,0.0,57
m5_sales,d_167,int64,0,0.0,63
m5_sales,d_168,int64,0,0.0,66
m5_sales,d_169,int64,0,0.0,73
m5_sales,d_170,int64,0,0.0,74
m5_sales,d_171,int64,0,0.0,66
m5_sales,d_172,int64,0,0.0,57
m5_sales,d_173,int64,0,0.0,60
m5_sales,d_174,int64,0,0.0,61
m5_sales,d_175,int64,0,0.0,67
m5_sales,d_176,int64,0,0.0,75
m5_sales,d_177,int64,0,0.0,72
m5_sales,d_178,int64,0,0.0,58
m5_sales,d_179,int64,0,0.0,54
m5_sales,d_180,int64,0,0.0,55
m5_sales,d_181,int64,0,0.0,52
m5_sales,d_182,int64,0,0.0,61
m5_sales,d_183,int64,0,0.0,66
m5_sales,d_184,int64,0,0.0,69
m5_sales,d_185,int64,0,0.0,65
m5_sales,d_186,int64,0,0.0,67
m5_sales,d_187,int64,0,0.0,74
m5_sales,d_188,int64,0,0.0,63
m5_sales,d_189,int64,0,0.0,73
m5_sales,d_190,int64,0,0.0,78
m5_sales,d_191,int64,0,0.0,78
m5_sales,d_192,int64,0,0.0,72
m5_sales,d_193,int64,0,0.0,67
m5_sales,d_194,int64,0,0.0,69
m5_sales,d_195,int64,0,0.0,63
m5_sales,d_196,int64,0,0.0,72
m5_sales,d_197,int64,0,0.0,77
m5_sales,d_198,int64,0,0.0,85
m5_sales,d_199,int64,0,0.0,78
m5_sales,d_200,int64,0,0.0,69
m5_sales,d_201,int64,0,0.0,59
m5_sales,d_202,int64,0,0.0,58
m5_sales,d_203,int64,0,0.0,71
m5_sales,d_204,int64,0,0.0,80
m5_sales,d_205,int64,0,0.0,78
m5_sales,d_206,int64,0,0.0,63
m5_sales,d_207,int64,0,0.0,58
m5_sales,d_208,int64,0,0.0,59
m5_sales,d_209,int64,0,0.0,51
m5_sales,d_210,int64,0,0.0,61
m5_sales,d_211,int64,0,0.0,69
m5_sales,d_212,int64,0,0.0,73
m5_sales,d_213,int64,0,0.0,54
m5_sales,d_214,int64,0,0.0,56
m5_sales,d_215,int64,0,0.0,60
m5_sales,d_216,int64,0,0.0,66
m5_sales,d_217,int64,0,0.0,73
m5_sales,d_218,int64,0,0.0,80
m5_sales,d_219,int64,0,0.0,64
m5_sales,d_220,int64,0,0.0,71
m5_sales,d_221,int64,0,0.0,66
m5_sales,d_222,int64,0,0.0,59
m5_sales,d_223,int64,0,0.0,59
m5_sales,d_224,int64,0,0.0,69
m5_sales,d_225,int64,0,0.0,75
m5_sales,d_226,int64,0,0.0,77
m5_sales,d_227,int64,0,0.0,65
m5_sales,d_228,int64,0,0.0,62
m5_sales,d_229,int64,0,0.0,60
m5_sales,d_230,int64,0,0.0,63
m5_sales,d_231,int64,0,0.0,61
m5_sales,d_232,int64,0,0.0,68
m5_sales,d_233,int64,0,0.0,66
m5_sales,d_234,int64,0,0.0,59
m5_sales,d_235,int64,0,0.0,56
m5_sales,d_236,int64,0,0.0,61
m5_sales,d_237,int64,0,0.0,53
m5_sales,d_238,int64,0,0.0,64
m5_sales,d_239,int64,0,0.0,75
m5_sales,d_240,int64,0,0.0,81
m5_sales,d_241,int64,0,0.0,63
m5_sales,d_242,int64,0,0.0,62
m5_sales,d_243,int64,0,0.0,59
m5_sales,d_244,int64,0,0.0,61
m5_sales,d_245,int64,0,0.0,73
m5_sales,d_246,int64,0,0.0,85
m5_sales,d_247,int64,0,0.0,81
m5_sales,d_248,int64,0,0.0,76
m5_sales,d_249,int64,0,0.0,71
m5_sales,d_250,int64,0,0.0,71
m5_sales,d_251,int64,0,0.0,68
m5_sales,d_252,int64,0,0.0,74
m5_sales,d_253,int64,0,0.0,84
m5_sales,d_254,int64,0,0.0,82
m5_sales,d_255,int64,0,0.0,69
m5_sales,d_256,int64,0,0.0,70
m5_sales,d_257,int64,0,0.0,68
m5_sales,d_258,int64,0,0.0,67
m5_sales,d_259,int64,0,0.0,72
m5_sales,d_260,int64,0,0.0,82
m5_sales,d_261,int64,0,0.0,79
m5_sales,d_262,int64,0,0.0,64
m5_sales,d_263,int64,0,0.0,62
m5_sales,d_264,int64,0,0.0,58
m5_sales,d_265,int64,0,0.0,62
m5_sales,d_266,int64,0,0.0,71
m5_sales,d_267,int64,0,0.0,74
m5_sales,d_268,int64,0,0.0,72
m5_sales,d_269,int64,0,0.0,60
m5_sales,d_270,int64,0,0.0,60
m5_sales,d_271,int64,0,0.0,59
m5_sales,d_272,int64,0,0.0,62
m5_sales,d_273,int64,0,0.0,72
m5_sales,d_274,int64,0,0.0,76
m5_sales,d_275,int64,0,0.0,75
m5_sales,d_276,int64,0,0.0,59
m5_sales,d_277,int64,0,0.0,67
m5_sales,d_278,int64,0,0.0,64
m5_sales,d_279,int64,0,0.0,69
m5_sales,d_280,int64,0,0.0,70
m5_sales,d_281,int64,0,0.0,86
m5_sales,d_282,int64,0,0.0,86
m5_sales,d_283,int64,0,0.0,68
m5_sales,d_284,int64,0,0.0,69
m5_sales,d_285,int64,0,0.0,68
m5_sales,d_286,int64,0,0.0,68
m5_sales,d_287,int64,0,0.0,72
m5_sales,d_288,int64,0,0.0,83
m5_sales,d_289,int64,0,0.0,77
m5_sales,d_290,int64,0,0.0,66
m5_sales,d_291,int64,0,0.0,64
m5_sales,d_292,int64,0,0.0,59
m5_sales,d_293,int64,0,0.0,59
m5_sales,d_294,int64,0,0.0,69
m5_sales,d_295,int64,0,0.0,82
m5_sales,d_296,int64,0,0.0,76
m5_sales,d_297,int64,0,0.0,67
m5_sales,d_298,int64,0,0.0,73
m5_sales,d_299,int64,0,0.0,88
m5_sales,d_300,int64,0,0.0,78
m5_sales,d_301,int64,0,0.0,81
m5_sales,d_302,int64,0,0.0,66
m5_sales,d_303,int64,0,0.0,65
m5_sales,d_304,int64,0,0.0,57
m5_sales,d_305,int64,0,0.0,56
m5_sales,d_306,int64,0,0.0,53
m5_sales,d_307,int64,0,0.0,64
m5_sales,d_308,int64,0,0.0,76
m5_sales,d_309,int64,0,0.0,85
m5_sales,d_310,int64,0,0.0,80
m5_sales,d_311,int64,0,0.0,68
m5_sales,d_312,int64,0,0.0,68
m5_sales,d_313,int64,0,0.0,64
m5_sales,d_314,int64,0,0.0,67
m5_sales,d_315,int64,0,0.0,70
m5_sales,d_316,int64,0,0.0,75
m5_sales,d_317,int64,0,0.0,81
m5_sales,d_318,int64,0,0.0,70
m5_sales,d_319,int64,0,0.0,63
m5_sales,d_320,int64,0,0.0,71
m5_sales,d_321,int64,0,0.0,72
m5_sales,d_322,int64,0,0.0,73
m5_sales,d_323,int64,0,0.0,83
m5_sales,d_324,int64,0,0.0,74
m5_sales,d_325,int64,0,0.0,68
m5_sales,d_326,int64,0,0.0,65
m5_sales,d_327,int64,0,0.0,68
m5_sales,d_328,int64,0,0.0,70
m5_sales,d_329,int64,0,0.0,86
m5_sales,d_330,int64,0,0.0,84
m5_sales,d_331,int64,0,0.0,3
m5_sales,d_332,int64,0,0.0,66
m5_sales,d_333,int64,0,0.0,60
m5_sales,d_334,int64,0,0.0,59
m5_sales,d_335,int64,0,0.0,59
m5_sales,d_336,int64,0,0.0,77
m5_sales,d_337,int64,0,0.0,84
m5_sales,d_338,int64,0,0.0,58
m5_sales,d_339,int64,0,0.0,72
m5_sales,d_340,int64,0,0.0,68
m5_sales,d_341,int64,0,0.0,65
m5_sales,d_342,int64,0,0.0,70
m5_sales,d_343,int64,0,0.0,70
m5_sales,d_344,int64,0,0.0,81
m5_sales,d_345,int64,0,0.0,77
m5_sales,d_346,int64,0,0.0,68
m5_sales,d_347,int64,0,0.0,67
m5_sales,d_348,int64,0,0.0,68
m5_sales,d_349,int64,0,0.0,57
m5_sales,d_350,int64,0,0.0,69
m5_sales,d_351,int64,0,0.0,83
m5_sales,d_352,int64,0,0.0,80
m5_sales,d_353,int64,0,0.0,65
m5_sales,d_354,int64,0,0.0,56
m5_sales,d_355,int64,0,0.0,59
m5_sales,d_356,int64,0,0.0,56
m5_sales,d_357,int64,0,0.0,66
m5_sales,d_358,int64,0,0.0,78
m5_sales,d_359,int64,0,0.0,71
m5_sales,d_360,int64,0,0.0,57
m5_sales,d_361,int64,0,0.0,52
m5_sales,d_362,int64,0,0.0,55
m5_sales,d_363,int64,0,0.0,54
m5_sales,d_364,int64,0,0.0,67
m5_sales,d_365,int64,0,0.0,73
m5_sales,d_366,int64,0,0.0,73
m5_sales,d_367,int64,0,0.0,54
m5_sales,d_368,int64,0,0.0,59
m5_sales,d_369,int64,0,0.0,68
m5_sales,d_370,int64,0,0.0,68
m5_sales,d_371,int64,0,0.0,79
m5_sales,d_372,int64,0,0.0,85
m5_sales,d_373,int64,0,0.0,83
m5_sales,d_374,int64,0,0.0,70
m5_sales,d_375,int64,0,0.0,65
m5_sales,d_376,int64,0,0.0,67
m5_sales,d_377,int64,0,0.0,75
m5_sales,d_378,int64,0,0.0,70
m5_sales,d_379,int64,0,0.0,88
m5_sales,d_380,int64,0,0.0,90
m5_sales,d_381,int64,0,0.0,71
m5_sales,d_382,int64,0,0.0,63
m5_sales,d_383,int64,0,0.0,64
m5_sales,d_384,int64,0,0.0,54
m5_sales,d_385,int64,0,0.0,61
m5_sales,d_386,int64,0,0.0,78
m5_sales,d_387,int64,0,0.0,81
m5_sales,d_388,int64,0,0.0,66
m5_sales,d_389,int64,0,0.0,64
m5_sales,d_390,int64,0,0.0,56
m5_sales,d_391,int64,0,0.0,61
m5_sales,d_392,int64,0,0.0,72
m5_sales,d_393,int64,0,0.0,80
m5_sales,d_394,int64,0,0.0,83
m5_sales,d_395,int64,0,0.0,70
m5_sales,d_396,int64,0,0.0,59
m5_sales,d_397,int64,0,0.0,60
m5_sales,d_398,int64,0,0.0,69
m5_sales,d_399,int64,0,0.0,73
m5_sales,d_400,int64,0,0.0,88
m5_sales,d_401,int64,0,0.0,86
m5_sales,d_402,int64,0,0.0,76
m5_sales,d_403,int64,0,0.0,77
m5_sales,d_404,int64,0,0.0,69
m5_sales,d_405,int64,0,0.0,69
m5_sales,d_406,int64,0,0.0,73
m5_sales,d_407,int64,0,0.0,78
m5_sales,d_408,int64,0,0.0,90
m5_sales,d_409,int64,0,0.0,71
m5_sales,d_410,int64,0,0.0,69
m5_sales,d_411,int64,0,0.0,68
m5_sales,d_412,int64,0,0.0,72
m5_sales,d_413,int64,0,0.0,72
m5_sales,d_414,int64,0,0.0,81
m5_sales,d_415,int64,0,0.0,80
m5_sales,d_416,int64,0,0.0,65
m5_sales,d_417,int64,0,0.0,64
m5_sales,d_418,int64,0,0.0,61
m5_sales,d_419,int64,0,0.0,62
m5_sales,d_420,int64,0,0.0,68
m5_sales,d_421,int64,0,0.0,80
m5_sales,d_422,int64,0,0.0,85
m5_sales,d_423,int64,0,0.0,64
m5_sales,d_424,int64,0,0.0,59
m5_sales,d_425,int64,0,0.0,56
m5_sales,d_426,int64,0,0.0,48
m5_sales,d_427,int64,0,0.0,71
m5_sales,d_428,int64,0,0.0,77
m5_sales,d_429,int64,0,0.0,82
m5_sales,d_430,int64,0,0.0,74
m5_sales,d_431,int64,0,0.0,75
m5_sales,d_432,int64,0,0.0,68
m5_sales,d_433,int64,0,0.0,74
m5_sales,d_434,int64,0,0.0,84
m5_sales,d_435,int64,0,0.0,100
m5_sales,d_436,int64,0,0.0,91
m5_sales,d_437,int64,0,0.0,73
m5_sales,d_438,int64,0,0.0,66
m5_sales,d_439,int64,0,0.0,68
m5_sales,d_440,int64,0,0.0,65
m5_sales,d_441,int64,0,0.0,72
m5_sales,d_442,int64,0,0.0,84
m5_sales,d_443,int64,0,0.0,85
m5_sales,d_444,int64,0,0.0,62
m5_sales,d_445,int64,0,0.0,62
m5_sales,d_446,int64,0,0.0,60
m5_sales,d_447,int64,0,0.0,61
m5_sales,d_448,int64,0,0.0,66
m5_sales,d_449,int64,0,0.0,85
m5_sales,d_450,int64,0,0.0,83
m5_sales,d_451,int64,0,0.0,65
m5_sales,d_452,int64,0,0.0,61
m5_sales,d_453,int64,0,0.0,58
m5_sales,d_454,int64,0,0.0,62
m5_sales,d_455,int64,0,0.0,64
m5_sales,d_456,int64,0,0.0,76
m5_sales,d_457,int64,0,0.0,77
m5_sales,d_458,int64,0,0.0,64
m5_sales,d_459,int64,0,0.0,66
m5_sales,d_460,int64,0,0.0,69
m5_sales,d_461,int64,0,0.0,76
m5_sales,d_462,int64,0,0.0,74
m5_sales,d_463,int64,0,0.0,87
m5_sales,d_464,int64,0,0.0,87
m5_sales,d_465,int64,0,0.0,78
m5_sales,d_466,int64,0,0.0,71
m5_sales,d_467,int64,0,0.0,68
m5_sales,d_468,int64,0,0.0,73
m5_sales,d_469,int64,0,0.0,79
m5_sales,d_470,int64,0,0.0,93
m5_sales,d_471,int64,0,0.0,83
m5_sales,d_472,int64,0,0.0,76
m5_sales,d_473,int64,0,0.0,76
m5_sales,d_474,int64,0,0.0,71
m5_sales,d_475,int64,0,0.0,64
m5_sales,d_476,int64,0,0.0,81
m5_sales,d_477,int64,0,0.0,86
m5_sales,d_478,int64,0,0.0,86
m5_sales,d_479,int64,0,0.0,62
m5_sales,d_480,int64,0,0.0,68
m5_sales,d_481,int64,0,0.0,62
m5_sales,d_482,int64,0,0.0,66
m5_sales,d_483,int64,0,0.0,80
m5_sales,d_484,int64,0,0.0,83
m5_sales,d_485,int64,0,0.0,82
m5_sales,d_486,int64,0,0.0,80
m5_sales,d_487,int64,0,0.0,69
m5_sales,d_488,int64,0,0.0,63
m5_sales,d_489,int64,0,0.0,66
m5_sales,d_490,int64,0,0.0,80
m5_sales,d_491,int64,0,0.0,92
m5_sales,d_492,int64,0,0.0,90
m5_sales,d_493,int64,0,0.0,75
m5_sales,d_494,int64,0,0.0,72
m5_sales,d_495,int64,0,0.0,79
m5_sales,d_496,int64,0,0.0,71
m5_sales,d_497,int64,0,0.0,79
m5_sales,d_498,int64,0,0.0,91
m5_sales,d_499,int64,0,0.0,98
m5_sales,d_500,int64,0,0.0,85
m5_sales,d_501,int64,0,0.0,77
m5_sales,d_502,int64,0,0.0,67
m5_sales,d_503,int64,0,0.0,75
m5_sales,d_504,int64,0,0.0,93
m5_sales,d_505,int64,0,0.0,94
m5_sales,d_506,int64,0,0.0,94
m5_sales,d_507,int64,0,0.0,73
m5_sales,d_508,int64,0,0.0,71
m5_sales,d_509,int64,0,0.0,68
m5_sales,d_510,int64,0,0.0,69
m5_sales,d_511,int64,0,0.0,85
m5_sales,d_512,int64,0,0.0,86
m5_sales,d_513,int64,0,0.0,90
m5_sales,d_514,int64,0,0.0,73
m5_sales,d_515,int64,0,0.0,70
m5_sales,d_516,int64,0,0.0,67
m5_sales,d_517,int64,0,0.0,70
m5_sales,d_518,int64,0,0.0,83
m5_sales,d_519,int64,0,0.0,88
m5_sales,d_520,int64,0,0.0,81
m5_sales,d_521,int64,0,0.0,80
m5_sales,d_522,int64,0,0.0,91
m5_sales,d_523,int64,0,0.0,77
m5_sales,d_524,int64,0,0.0,78
m5_sales,d_525,int64,0,0.0,91
m5_sales,d_526,int64,0,0.0,91
m5_sales,d_527,int64,0,0.0,87
m5_sales,d_528,int64,0,0.0,75
m5_sales,d_529,int64,0,0.0,68
m5_sales,d_530,int64,0,0.0,77
m5_sales,d_531,int64,0,0.0,73
m5_sales,d_532,int64,0,0.0,76
m5_sales,d_533,int64,0,0.0,88
m5_sales,d_534,int64,0,0.0,92
m5_sales,d_535,int64,0,0.0,76
m5_sales,d_536,int64,0,0.0,74
m5_sales,d_537,int64,0,0.0,67
m5_sales,d_538,int64,0,0.0,66
m5_sales,d_539,int64,0,0.0,73
m5_sales,d_540,int64,0,0.0,86
m5_sales,d_541,int64,0,0.0,85
m5_sales,d_542,int64,0,0.0,70
m5_sales,d_543,int64,0,0.0,66
m5_sales,d_544,int64,0,0.0,67
m5_sales,d_545,int64,0,0.0,66
m5_sales,d_546,int64,0,0.0,72
m5_sales,d_547,int64,0,0.0,77
m5_sales,d_548,int64,0,0.0,76
m5_sales,d_549,int64,0,0.0,65
m5_sales,d_550,int64,0,0.0,68
m5_sales,d_551,int64,0,0.0,75
m5_sales,d_552,int64,0,0.0,81
m5_sales,d_553,int64,0,0.0,87
m5_sales,d_554,int64,0,0.0,84
m5_sales,d_555,int64,0,0.0,90
m5_sales,d_556,int64,0,0.0,83
m5_sales,d_557,int64,0,0.0,74
m5_sales,d_558,int64,0,0.0,78
m5_sales,d_559,int64,0,0.0,80
m5_sales,d_560,int64,0,0.0,84
m5_sales,d_561,int64,0,0.0,95
m5_sales,d_562,int64,0,0.0,94
m5_sales,d_563,int64,0,0.0,80
m5_sales,d_564,int64,0,0.0,76
m5_sales,d_565,int64,0,0.0,76
m5_sales,d_566,int64,0,0.0,75
m5_sales,d_567,int64,0,0.0,77
m5_sales,d_568,int64,0,0.0,81
m5_sales,d_569,int64,0,0.0,86
m5_sales,d_570,int64,0,0.0,69
m5_sales,d_571,int64,0,0.0,67
m5_sales,d_572,int64,0,0.0,59
m5_sales,d_573,int64,0,0.0,59
m5_sales,d_574,int64,0,0.0,72
m5_sales,d_575,int64,0,0.0,82
m5_sales,d_576,int64,0,0.0,82
m5_sales,d_577,int64,0,0.0,69
m5_sales,d_578,int64,0,0.0,69
m5_sales,d_579,int64,0,0.0,63
m5_sales,d_580,int64,0,0.0,68
m5_sales,d_581,int64,0,0.0,78
m5_sales,d_582,int64,0,0.0,84
m5_sales,d_583,int64,0,0.0,93
m5_sales,d_584,int64,0,0.0,93
m5_sales,d_585,int64,0,0.0,75
m5_sales,d_586,int64,0,0.0,70
m5_sales,d_587,int64,0,0.0,73
m5_sales,d_588,int64,0,0.0,73
m5_sales,d_589,int64,0,0.0,83
m5_sales,d_590,int64,0,0.0,88
m5_sales,d_591,int64,0,0.0,72
m5_sales,d_592,int64,0,0.0,69
m5_sales,d_593,int64,0,0.0,72
m5_sales,d_594,int64,0,0.0,67
m5_sales,d_595,int64,0,0.0,80
m5_sales,d_596,int64,0,0.0,91
m5_sales,d_597,int64,0,0.0,81
m5_sales,d_598,int64,0,0.0,61
m5_sales,d_599,int64,0,0.0,59
m5_sales,d_600,int64,0,0.0,56
m5_sales,d_601,int64,0,0.0,62
m5_sales,d_602,int64,0,0.0,67
m5_sales,d_603,int64,0,0.0,83
m5_sales,d_604,int64,0,0.0,80
m5_sales,d_605,int64,0,0.0,63
m5_sales,d_606,int64,0,0.0,62
m5_sales,d_607,int64,0,0.0,60
m5_sales,d_608,int64,0,0.0,55
m5_sales,d_609,int64,0,0.0,68
m5_sales,d_610,int64,0,0.0,83
m5_sales,d_611,int64,0,0.0,84
m5_sales,d_612,int64,0,0.0,73
m5_sales,d_613,int64,0,0.0,79
m5_sales,d_614,int64,0,0.0,70
m5_sales,d_615,int64,0,0.0,66
m5_sales,d_616,int64,0,0.0,70
m5_sales,d_617,int64,0,0.0,84
m5_sales,d_618,int64,0,0.0,76
m5_sales,d_619,int64,0,0.0,75
m5_sales,d_620,int64,0,0.0,70
m5_sales,d_621,int64,0,0.0,67
m5_sales,d_622,int64,0,0.0,67
m5_sales,d_623,int64,0,0.0,73
m5_sales,d_624,int64,0,0.0,79
m5_sales,d_625,int64,0,0.0,86
m5_sales,d_626,int64,0,0.0,72
m5_sales,d_627,int64,0,0.0,60
m5_sales,d_628,int64,0,0.0,59
m5_sales,d_629,int64,0,0.0,61
m5_sales,d_630,int64,0,0.0,62
m5_sales,d_631,int64,0,0.0,69
m5_sales,d_632,int64,0,0.0,73
m5_sales,d_633,int64,0,0.0,58
m5_sales,d_634,int64,0,0.0,58
m5_sales,d_635,int64,0,0.0,61
m5_sales,d_636,int64,0,0.0,53
m5_sales,d_637,int64,0,0.0,63
m5_sales,d_638,int64,0,0.0,75
m5_sales,d_639,int64,0,0.0,73
m5_sales,d_640,int64,0,0.0,58
m5_sales,d_641,int64,0,0.0,59
m5_sales,d_642,int64,0,0.0,61
m5_sales,d_643,int64,0,0.0,68
m5_sales,d_644,int64,0,0.0,69
m5_sales,d_645,int64,0,0.0,86
m5_sales,d_646,int64,0,0.0,83
m5_sales,d_647,int64,0,0.0,67
m5_sales,d_648,int64,0,0.0,66
m5_sales,d_649,int64,0,0.0,61
m5_sales,d_650,int64,0,0.0,62
m5_sales,d_651,int64,0,0.0,68
m5_sales,d_652,int64,0,0.0,80
m5_sales,d_653,int64,0,0.0,80
m5_sales,d_654,int64,0,0.0,64
m5_sales,d_655,int64,0,0.0,59
m5_sales,d_656,int64,0,0.0,64
m5_sales,d_657,int64,0,0.0,63
m5_sales,d_658,int64,0,0.0,65
m5_sales,d_659,int64,0,0.0,78
m5_sales,d_660,int64,0,0.0,76
m5_sales,d_661,int64,0,0.0,60
m5_sales,d_662,int64,0,0.0,70
m5_sales,d_663,int64,0,0.0,84
m5_sales,d_664,int64,0,0.0,81
m5_sales,d_665,int64,0,0.0,71
m5_sales,d_666,int64,0,0.0,66
m5_sales,d_667,int64,0,0.0,62
m5_sales,d_668,int64,0,0.0,52
m5_sales,d_669,int64,0,0.0,50
m5_sales,d_670,int64,0,0.0,53
m5_sales,d_671,int64,0,0.0,53
m5_sales,d_672,int64,0,0.0,65
m5_sales,d_673,int64,0,0.0,77
m5_sales,d_674,int64,0,0.0,78
m5_sales,d_675,int64,0,0.0,72
m5_sales,d_676,int64,0,0.0,59
m5_sales,d_677,int64,0,0.0,68
m5_sales,d_678,int64,0,0.0,65
m5_sales,d_679,int64,0,0.0,65
m5_sales,d_680,int64,0,0.0,79
m5_sales,d_681,int64,0,0.0,77
m5_sales,d_682,int64,0,0.0,65
m5_sales,d_683,int64,0,0.0,64
m5_sales,d_684,int64,0,0.0,66
m5_sales,d_685,int64,0,0.0,63
m5_sales,d_686,int64,0,0.0,71
m5_sales,d_687,int64,0,0.0,83
m5_sales,d_688,int64,0,0.0,82
m5_sales,d_689,int64,0,0.0,63
m5_sales,d_690,int64,0,0.0,61
m5_sales,d_691,int64,0,0.0,70
m5_sales,d_692,int64,0,0.0,68
m5_sales,d_693,int64,0,0.0,75
m5_sales,d_694,int64,0,0.0,85
m5_sales,d_695,int64,0,0.0,87
m5_sales,d_696,int64,0,0.0,88
m5_sales,d_697,int64,0,0.0,2
m5_sales,d_698,int64,0,0.0,67
m5_sales,d_699,int64,0,0.0,62
m5_sales,d_700,int64,0,0.0,65
m5_sales,d_701,int64,0,0.0,72
m5_sales,d_702,int64,0,0.0,74
m5_sales,d_703,int64,0,0.0,82
m5_sales,d_704,int64,0,0.0,58
m5_sales,d_705,int64,0,0.0,68
m5_sales,d_706,int64,0,0.0,75
m5_sales,d_707,int64,0,0.0,66
m5_sales,d_708,int64,0,0.0,85
m5_sales,d_709,int64,0,0.0,82
m5_sales,d_710,int64,0,0.0,68
m5_sales,d_711,int64,0,0.0,69
m5_sales,d_712,int64,0,0.0,63
m5_sales,d_713,int64,0,0.0,64
m5_sales,d_714,int64,0,0.0,65
m5_sales,d_715,int64,0,0.0,91
m5_sales,d_716,int64,0,0.0,78
m5_sales,d_717,int64,0,0.0,66
m5_sales,d_718,int64,0,0.0,67
m5_sales,d_719,int64,0,0.0,57
m5_sales,d_720,int64,0,0.0,56
m5_sales,d_721,int64,0,0.0,63
m5_sales,d_722,int64,0,0.0,76
m5_sales,d_723,int64,0,0.0,71
m5_sales,d_724,int64,0,0.0,59
m5_sales,d_725,int64,0,0.0,56
m5_sales,d_726,int64,0,0.0,51
m5_sales,d_727,int64,0,0.0,52
m5_sales,d_728,int64,0,0.0,56
m5_sales,d_729,int64,0,0.0,72
m5_sales,d_730,int64,0,0.0,70
m5_sales,d_731,int64,0,0.0,54
m5_sales,d_732,int64,0,0.0,58
m5_sales,d_733,int64,0,0.0,49
m5_sales,d_734,int64,0,0.0,54
m5_sales,d_735,int64,0,0.0,68
m5_sales,d_736,int64,0,0.0,87
m5_sales,d_737,int64,0,0.0,82
m5_sales,d_738,int64,0,0.0,62
m5_sales,d_739,int64,0,0.0,64
m5_sales,d_740,int64,0,0.0,67
m5_sales,d_741,int64,0,0.0,64
m5_sales,d_742,int64,0,0.0,74
m5_sales,d_743,int64,0,0.0,83
m5_sales,d_744,int64,0,0.0,73
m5_sales,d_745,int64,0,0.0,74
m5_sales,d_746,int64,0,0.0,72
m5_sales,d_747,int64,0,0.0,85
m5_sales,d_748,int64,0,0.0,68
m5_sales,d_749,int64,0,0.0,74
m5_sales,d_750,int64,0,0.0,81
m5_sales,d_751,int64,0,0.0,83
m5_sales,d_752,int64,0,0.0,66
m5_sales,d_753,int64,0,0.0,62
m5_sales,d_754,int64,0,0.0,61
m5_sales,d_755,int64,0,0.0,67
m5_sales,d_756,int64,0,0.0,68
m5_sales,d_757,int64,0,0.0,79
m5_sales,d_758,int64,0,0.0,78
m5_sales,d_759,int64,0,0.0,60
m5_sales,d_760,int64,0,0.0,55
m5_sales,d_761,int64,0,0.0,59
m5_sales,d_762,int64,0,0.0,59
m5_sales,d_763,int64,0,0.0,74
m5_sales,d_764,int64,0,0.0,87
m5_sales,d_765,int64,0,0.0,92
m5_sales,d_766,int64,0,0.0,72
m5_sales,d_767,int64,0,0.0,67
m5_sales,d_768,int64,0,0.0,65
m5_sales,d_769,int64,0,0.0,64
m5_sales,d_770,int64,0,0.0,68
m5_sales,d_771,int64,0,0.0,89
m5_sales,d_772,int64,0,0.0,80
m5_sales,d_773,int64,0,0.0,68
m5_sales,d_774,int64,0,0.0,67
m5_sales,d_775,int64,0,0.0,62
m5_sales,d_776,int64,0,0.0,67
m5_sales,d_777,int64,0,0.0,74
m5_sales,d_778,int64,0,0.0,81
m5_sales,d_779,int64,0,0.0,77
m5_sales,d_780,int64,0,0.0,64
m5_sales,d_781,int64,0,0.0,59
m5_sales,d_782,int64,0,0.0,58
m5_sales,d_783,int64,0,0.0,58
m5_sales,d_784,int64,0,0.0,65
m5_sales,d_785,int64,0,0.0,74
m5_sales,d_786,int64,0,0.0,73
m5_sales,d_787,int64,0,0.0,59
m5_sales,d_788,int64,0,0.0,63
m5_sales,d_789,int64,0,0.0,60
m5_sales,d_790,int64,0,0.0,63
m5_sales,d_791,int64,0,0.0,73
m5_sales,d_792,int64,0,0.0,91
m5_sales,d_793,int64,0,0.0,72
m5_sales,d_794,int64,0,0.0,69
m5_sales,d_795,int64,0,0.0,68
m5_sales,d_796,int64,0,0.0,70
m5_sales,d_797,int64,0,0.0,63
m5_sales,d_798,int64,0,0.0,69
m5_sales,d_799,int64,0,0.0,79
m5_sales,d_800,int64,0,0.0,84
m5_sales,d_801,int64,0,0.0,66
m5_sales,d_802,int64,0,0.0,69
m5_sales,d_803,int64,0,0.0,63
m5_sales,d_804,int64,0,0.0,66
m5_sales,d_805,int64,0,0.0,72
m5_sales,d_806,int64,0,0.0,78
m5_sales,d_807,int64,0,0.0,80
m5_sales,d_808,int64,0,0.0,69
m5_sales,d_809,int64,0,0.0,64
m5_sales,d_810,int64,0,0.0,56
m5_sales,d_811,int64,0,0.0,54
m5_sales,d_812,int64,0,0.0,64
m5_sales,d_813,int64,0,0.0,70
m5_sales,d_814,int64,0,0.0,74
m5_sales,d_815,int64,0,0.0,62
m5_sales,d_816,int64,0,0.0,61
m5_sales,d_817,int64,0,0.0,57
m5_sales,d_818,int64,0,0.0,58
m5_sales,d_819,int64,0,0.0,60
m5_sales,d_820,int64,0,0.0,62
m5_sales,d_821,int64,0,0.0,73
m5_sales,d_822,int64,0,0.0,55
m5_sales,d_823,int64,0,0.0,60
m5_sales,d_824,int64,0,0.0,65
m5_sales,d_825,int64,0,0.0,66
m5_sales,d_826,int64,0,0.0,72
m5_sales,d_827,int64,0,0.0,80
m5_sales,d_828,int64,0,0.0,72
m5_sales,d_829,int64,0,0.0,67
m5_sales,d_830,int64,0,0.0,64
m5_sales,d_831,int64,0,0.0,64
m5_sales,d_832,int64,0,0.0,65
m5_sales,d_833,int64,0,0.0,62
m5_sales,d_834,int64,0,0.0,85
m5_sales,d_835,int64,0,0.0,78
m5_sales,d_836,int64,0,0.0,71
m5_sales,d_837,int64,0,0.0,64
m5_sales,d_838,int64,0,0.0,68
m5_sales,d_839,int64,0,0.0,58
m5_sales,d_840,int64,0,0.0,63
m5_sales,d_841,int64,0,0.0,75
m5_sales,d_842,int64,0,0.0,83
m5_sales,d_843,int64,0,0.0,68
m5_sales,d_844,int64,0,0.0,61
m5_sales,d_845,int64,0,0.0,56
m5_sales,d_846,int64,0,0.0,59
m5_sales,d_847,int64,0,0.0,63
m5_sales,d_848,int64,0,0.0,78
m5_sales,d_849,int64,0,0.0,72
m5_sales,d_850,int64,0,0.0,72
m5_sales,d_851,int64,0,0.0,61
m5_sales,d_852,int64,0,0.0,54
m5_sales,d_853,int64,0,0.0,59
m5_sales,d_854,int64,0,0.0,68
m5_sales,d_855,int64,0,0.0,78
m5_sales,d_856,int64,0,0.0,87
m5_sales,d_857,int64,0,0.0,72
m5_sales,d_858,int64,0,0.0,66
m5_sales,d_859,int64,0,0.0,71
m5_sales,d_860,int64,0,0.0,65
m5_sales,d_861,int64,0,0.0,68
m5_sales,d_862,int64,0,0.0,81
m5_sales,d_863,int64,0,0.0,83
m5_sales,d_864,int64,0,0.0,71
m5_sales,d_865,int64,0,0.0,67
m5_sales,d_866,int64,0,0.0,66
m5_sales,d_867,int64,0,0.0,69
m5_sales,d_868,int64,0,0.0,75
m5_sales,d_869,int64,0,0.0,83
m5_sales,d_870,int64,0,0.0,81
m5_sales,d_871,int64,0,0.0,69
m5_sales,d_872,int64,0,0.0,63
m5_sales,d_873,int64,0,0.0,61
m5_sales,d_874,int64,0,0.0,63
m5_sales,d_875,int64,0,0.0,69
m5_sales,d_876,int64,0,0.0,79
m5_sales,d_877,int64,0,0.0,81
m5_sales,d_878,int64,0,0.0,64
m5_sales,d_879,int64,0,0.0,65
m5_sales,d_880,int64,0,0.0,64
m5_sales,d_881,int64,0,0.0,68
m5_sales,d_882,int64,0,0.0,77
m5_sales,d_883,int64,0,0.0,91
m5_sales,d_884,int64,0,0.0,93
m5_sales,d_885,int64,0,0.0,75
m5_sales,d_886,int64,0,0.0,72
m5_sales,d_887,int64,0,0.0,82
m5_sales,d_888,int64,0,0.0,86
m5_sales,d_889,int64,0,0.0,77
m5_sales,d_890,int64,0,0.0,81
m5_sales,d_891,int64,0,0.0,79
m5_sales,d_892,int64,0,0.0,73
m5_sales,d_893,int64,0,0.0,78
m5_sales,d_894,int64,0,0.0,68
m5_sales,d_895,int64,0,0.0,69
m5_sales,d_896,int64,0,0.0,75
m5_sales,d_897,int64,0,0.0,80
m5_sales,d_898,int64,0,0.0,86
m5_sales,d_899,int64,0,0.0,70
m5_sales,d_900,int64,0,0.0,68
m5_sales,d_901,int64,0,0.0,67
m5_sales,d_902,int64,0,0.0,72
m5_sales,d_903,int64,0,0.0,71
m5_sales,d_904,int64,0,0.0,77
m5_sales,d_905,int64,0,0.0,80
m5_sales,d_906,int64,0,0.0,66
m5_sales,d_907,int64,0,0.0,66
m5_sales,d_908,int64,0,0.0,62
m5_sales,d_909,int64,0,0.0,65
m5_sales,d_910,int64,0,0.0,68
m5_sales,d_911,int64,0,0.0,80
m5_sales,d_912,int64,0,0.0,80
m5_sales,d_913,int64,0,0.0,68
m5_sales,d_914,int64,0,0.0,60
m5_sales,d_915,int64,0,0.0,64
m5_sales,d_916,int64,0,0.0,76
m5_sales,d_917,int64,0,0.0,80
m5_sales,d_918,int64,0,0.0,89
m5_sales,d_919,int64,0,0.0,87
m5_sales,d_920,int64,0,0.0,82
m5_sales,d_921,int64,0,0.0,78
m5_sales,d_922,int64,0,0.0,78
m5_sales,d_923,int64,0,0.0,77
m5_sales,d_924,int64,0,0.0,79
m5_sales,d_925,int64,0,0.0,82
m5_sales,d_926,int64,0,0.0,96
m5_sales,d_927,int64,0,0.0,82
m5_sales,d_928,int64,0,0.0,75
m5_sales,d_929,int64,0,0.0,76
m5_sales,d_930,int64,0,0.0,78
m5_sales,d_931,int64,0,0.0,78
m5_sales,d_932,int64,0,0.0,82
m5_sales,d_933,int64,0,0.0,90
m5_sales,d_934,int64,0,0.0,77
m5_sales,d_935,int64,0,0.0,70
m5_sales,d_936,int64,0,0.0,69
m5_sales,d_937,int64,0,0.0,69
m5_sales,d_938,int64,0,0.0,81
m5_sales,d_939,int64,0,0.0,94
m5_sales,d_940,int64,0,0.0,97
m5_sales,d_941,int64,0,0.0,73
m5_sales,d_942,int64,0,0.0,76
m5_sales,d_943,int64,0,0.0,70
m5_sales,d_944,int64,0,0.0,71
m5_sales,d_945,int64,0,0.0,89
m5_sales,d_946,int64,0,0.0,91
m5_sales,d_947,int64,0,0.0,97
m5_sales,d_948,int64,0,0.0,91
m5_sales,d_949,int64,0,0.0,81
m5_sales,d_950,int64,0,0.0,71
m5_sales,d_951,int64,0,0.0,73
m5_sales,d_952,int64,0,0.0,80
m5_sales,d_953,int64,0,0.0,85
m5_sales,d_954,int64,0,0.0,94
m5_sales,d_955,int64,0,0.0,81
m5_sales,d_956,int64,0,0.0,78
m5_sales,d_957,int64,0,0.0,70
m5_sales,d_958,int64,0,0.0,78
m5_sales,d_959,int64,0,0.0,78
m5_sales,d_960,int64,0,0.0,88
m5_sales,d_961,int64,0,0.0,89
m5_sales,d_962,int64,0,0.0,70
m5_sales,d_963,int64,0,0.0,68
m5_sales,d_964,int64,0,0.0,63
m5_sales,d_965,int64,0,0.0,68
m5_sales,d_966,int64,0,0.0,70
m5_sales,d_967,int64,0,0.0,79
m5_sales,d_968,int64,0,0.0,81
m5_sales,d_969,int64,0,0.0,65
m5_sales,d_970,int64,0,0.0,65
m5_sales,d_971,int64,0,0.0,60
m5_sales,d_972,int64,0,0.0,62
m5_sales,d_973,int64,0,0.0,70
m5_sales,d_974,int64,0,0.0,78
m5_sales,d_975,int64,0,0.0,75
m5_sales,d_976,int64,0,0.0,64
m5_sales,d_977,int64,0,0.0,69
m5_sales,d_978,int64,0,0.0,68
m5_sales,d_979,int64,0,0.0,70
m5_sales,d_980,int64,0,0.0,70
m5_sales,d_981,int64,0,0.0,85
m5_sales,d_982,int64,0,0.0,90
m5_sales,d_983,int64,0,0.0,70
m5_sales,d_984,int64,0,0.0,68
m5_sales,d_985,int64,0,0.0,67
m5_sales,d_986,int64,0,0.0,69
m5_sales,d_987,int64,0,0.0,72
m5_sales,d_988,int64,0,0.0,83
m5_sales,d_989,int64,0,0.0,83
m5_sales,d_990,int64,0,0.0,69
m5_sales,d_991,int64,0,0.0,66
m5_sales,d_992,int64,0,0.0,62
m5_sales,d_993,int64,0,0.0,60
m5_sales,d_994,int64,0,0.0,58
m5_sales,d_995,int64,0,0.0,77
m5_sales,d_996,int64,0,0.0,73
m5_sales,d_997,int64,0,0.0,54
m5_sales,d_998,int64,0,0.0,55
m5_sales,d_999,int64,0,0.0,55
m5_sales,d_1000,int64,0,0.0,53
m5_sales,d_1001,int64,0,0.0,64
m5_sales,d_1002,int64,0,0.0,78
m5_sales,d_1003,int64,0,0.0,75
m5_sales,d_1004,int64,0,0.0,58
m5_sales,d_1005,int64,0,0.0,60
m5_sales,d_1006,int64,0,0.0,65
m5_sales,d_1007,int64,0,0.0,59
m5_sales,d_1008,int64,0,0.0,74
m5_sales,d_1009,int64,0,0.0,80
m5_sales,d_1010,int64,0,0.0,84
m5_sales,d_1011,int64,0,0.0,63
m5_sales,d_1012,int64,0,0.0,61
m5_sales,d_1013,int64,0,0.0,64
m5_sales,d_1014,int64,0,0.0,66
m5_sales,d_1015,int64,0,0.0,70
m5_sales,d_1016,int64,0,0.0,82
m5_sales,d_1017,int64,0,0.0,81
m5_sales,d_1018,int64,0,0.0,72
m5_sales,d_1019,int64,0,0.0,65
m5_sales,d_1020,int64,0,0.0,60
m5_sales,d_1021,int64,0,0.0,60
m5_sales,d_1022,int64,0,0.0,71
m5_sales,d_1023,int64,0,0.0,82
m5_sales,d_1024,int64,0,0.0,81
m5_sales,d_1025,int64,0,0.0,60
m5_sales,d_1026,int64,0,0.0,61
m5_sales,d_1027,int64,0,0.0,53
m5_sales,d_1028,int64,0,0.0,60
m5_sales,d_1029,int64,0,0.0,64
m5_sales,d_1030,int64,0,0.0,74
m5_sales,d_1031,int64,0,0.0,69
m5_sales,d_1032,int64,0,0.0,64
m5_sales,d_1033,int64,0,0.0,64
m5_sales,d_1034,int64,0,0.0,79
m5_sales,d_1035,int64,0,0.0,66
m5_sales,d_1036,int64,0,0.0,63
m5_sales,d_1037,int64,0,0.0,60
m5_sales,d_1038,int64,0,0.0,69
m5_sales,d_1039,int64,0,0.0,75
m5_sales,d_1040,int64,0,0.0,76
m5_sales,d_1041,int64,0,0.0,66
m5_sales,d_1042,int64,0,0.0,73
m5_sales,d_1043,int64,0,0.0,75
m5_sales,d_1044,int64,0,0.0,85
m5_sales,d_1045,int64,0,0.0,74
m5_sales,d_1046,int64,0,0.0,66
m5_sales,d_1047,int64,0,0.0,63
m5_sales,d_1048,int64,0,0.0,67
m5_sales,d_1049,int64,0,0.0,64
m5_sales,d_1050,int64,0,0.0,73
m5_sales,d_1051,int64,0,0.0,76
m5_sales,d_1052,int64,0,0.0,79
m5_sales,d_1053,int64,0,0.0,63
m5_sales,d_1054,int64,0,0.0,63
m5_sales,d_1055,int64,0,0.0,60
m5_sales,d_1056,int64,0,0.0,67
m5_sales,d_1057,int64,0,0.0,62
m5_sales,d_1058,int64,0,0.0,75
m5_sales,d_1059,int64,0,0.0,70
m5_sales,d_1060,int64,0,0.0,69
m5_sales,d_1061,int64,0,0.0,71
m5_sales,d_1062,int64,0,0.0,5
m5_sales,d_1063,int64,0,0.0,71
m5_sales,d_1064,int64,0,0.0,70
m5_sales,d_1065,int64,0,0.0,70
m5_sales,d_1066,int64,0,0.0,68
m5_sales,d_1067,int64,0,0.0,66
m5_sales,d_1068,int64,0,0.0,83
m5_sales,d_1069,int64,0,0.0,56
m5_sales,d_1070,int64,0,0.0,67
m5_sales,d_1071,int64,0,0.0,73
m5_sales,d_1072,int64,0,0.0,83
m5_sales,d_1073,int64,0,0.0,92
m5_sales,d_1074,int64,0,0.0,67
m5_sales,d_1075,int64,0,0.0,68
m5_sales,d_1076,int64,0,0.0,66
m5_sales,d_1077,int64,0,0.0,63
m5_sales,d_1078,int64,0,0.0,60
m5_sales,d_1079,int64,0,0.0,83
m5_sales,d_1080,int64,0,0.0,85
m5_sales,d_1081,int64,0,0.0,65
m5_sales,d_1082,int64,0,0.0,64
m5_sales,d_1083,int64,0,0.0,59
m5_sales,d_1084,int64,0,0.0,65
m5_sales,d_1085,int64,0,0.0,68
m5_sales,d_1086,int64,0,0.0,73
m5_sales,d_1087,int64,0,0.0,72
m5_sales,d_1088,int64,0,0.0,58
m5_sales,d_1089,int64,0,0.0,55
m5_sales,d_1090,int64,0,0.0,55
m5_sales,d_1091,int64,0,0.0,50
m5_sales,d_1092,int64,0,0.0,57
m5_sales,d_1093,int64,0,0.0,70
m5_sales,d_1094,int64,0,0.0,77
m5_sales,d_1095,int64,0,0.0,61
m5_sales,d_1096,int64,0,0.0,54
m5_sales,d_1097,int64,0,0.0,48
m5_sales,d_1098,int64,0,0.0,58
m5_sales,d_1099,int64,0,0.0,66
m5_sales,d_1100,int64,0,0.0,82
m5_sales,d_1101,int64,0,0.0,79
m5_sales,d_1102,int64,0,0.0,73
m5_sales,d_1103,int64,0,0.0,61
m5_sales,d_1104,int64,0,0.0,64
m5_sales,d_1105,int64,0,0.0,67
m5_sales,d_1106,int64,0,0.0,55
m5_sales,d_1107,int64,0,0.0,71
m5_sales,d_1108,int64,0,0.0,75
m5_sales,d_1109,int64,0,0.0,59
m5_sales,d_1110,int64,0,0.0,65
m5_sales,d_1111,int64,0,0.0,65
m5_sales,d_1112,int64,0,0.0,71
m5_sales,d_1113,int64,0,0.0,66
m5_sales,d_1114,int64,0,0.0,68
m5_sales,d_1115,int64,0,0.0,72
m5_sales,d_1116,int64,0,0.0,64
m5_sales,d_1117,int64,0,0.0,56
m5_sales,d_1118,int64,0,0.0,55
m5_sales,d_1119,int64,0,0.0,53
m5_sales,d_1120,int64,0,0.0,59
m5_sales,d_1121,int64,0,0.0,64
m5_sales,d_1122,int64,0,0.0,68
m5_sales,d_1123,int64,0,0.0,52
m5_sales,d_1124,int64,0,0.0,51
m5_sales,d_1125,int64,0,0.0,46
m5_sales,d_1126,int64,0,0.0,52
m5_sales,d_1127,int64,0,0.0,59
m5_sales,d_1128,int64,0,0.0,64
m5_sales,d_1129,int64,0,0.0,73
m5_sales,d_1130,int64,0,0.0,63
m5_sales,d_1131,int64,0,0.0,56
m5_sales,d_1132,int64,0,0.0,56
m5_sales,d_1133,int64,0,0.0,59
m5_sales,d_1134,int64,0,0.0,57
m5_sales,d_1135,int64,0,0.0,72
m5_sales,d_1136,int64,0,0.0,81
m5_sales,d_1137,int64,0,0.0,64
m5_sales,d_1138,int64,0,0.0,65
m5_sales,d_1139,int64,0,0.0,68
m5_sales,d_1140,int64,0,0.0,60
m5_sales,d_1141,int64,0,0.0,67
m5_sales,d_1142,int64,0,0.0,72
m5_sales,d_1143,int64,0,0.0,75
m5_sales,d_1144,int64,0,0.0,59
m5_sales,d_1145,int64,0,0.0,56
m5_sales,d_1146,int64,0,0.0,54
m5_sales,d_1147,int64,0,0.0,55
m5_sales,d_1148,int64,0,0.0,65
m5_sales,d_1149,int64,0,0.0,72
m5_sales,d_1150,int64,0,0.0,75
m5_sales,d_1151,int64,0,0.0,60
m5_sales,d_1152,int64,0,0.0,52
m5_sales,d_1153,int64,0,0.0,50
m5_sales,d_1154,int64,0,0.0,57
m5_sales,d_1155,int64,0,0.0,56
m5_sales,d_1156,int64,0,0.0,72
m5_sales,d_1157,int64,0,0.0,74
m5_sales,d_1158,int64,0,0.0,55
m5_sales,d_1159,int64,0,0.0,58
m5_sales,d_1160,int64,0,0.0,58
m5_sales,d_1161,int64,0,0.0,66
m5_sales,d_1162,int64,0,0.0,64
m5_sales,d_1163,int64,0,0.0,78
m5_sales,d_1164,int64,0,0.0,81
m5_sales,d_1165,int64,0,0.0,69
m5_sales,d_1166,int64,0,0.0,69
m5_sales,d_1167,int64,0,0.0,71
m5_sales,d_1168,int64,0,0.0,66
m5_sales,d_1169,int64,0,0.0,73
m5_sales,d_1170,int64,0,0.0,78
m5_sales,d_1171,int64,0,0.0,79
m5_sales,d_1172,int64,0,0.0,67
m5_sales,d_1173,int64,0,0.0,64
m5_sales,d_1174,int64,0,0.0,62
m5_sales,d_1175,int64,0,0.0,61
m5_sales,d_1176,int64,0,0.0,65
m5_sales,d_1177,int64,0,0.0,80
m5_sales,d_1178,int64,0,0.0,84
m5_sales,d_1179,int64,0,0.0,61
m5_sales,d_1180,int64,0,0.0,55
m5_sales,d_1181,int64,0,0.0,58
m5_sales,d_1182,int64,0,0.0,58
m5_sales,d_1183,int64,0,0.0,64
m5_sales,d_1184,int64,0,0.0,67
m5_sales,d_1185,int64,0,0.0,74
m5_sales,d_1186,int64,0,0.0,58
m5_sales,d_1187,int64,0,0.0,61
m5_sales,d_1188,int64,0,0.0,59
m5_sales,d_1189,int64,0,0.0,66
m5_sales,d_1190,int64,0,0.0,71
m5_sales,d_1191,int64,0,0.0,83
m5_sales,d_1192,int64,0,0.0,77
m5_sales,d_1193,int64,0,0.0,67
m5_sales,d_1194,int64,0,0.0,61
m5_sales,d_1195,int64,0,0.0,57
m5_sales,d_1196,int64,0,0.0,65
m5_sales,d_1197,int64,0,0.0,69
m5_sales,d_1198,int64,0,0.0,75
m5_sales,d_1199,int64,0,0.0,78
m5_sales,d_1200,int64,0,0.0,76
m5_sales,d_1201,int64,0,0.0,65
m5_sales,d_1202,int64,0,0.0,68
m5_sales,d_1203,int64,0,0.0,64
m5_sales,d_1204,int64,0,0.0,61
m5_sales,d_1205,int64,0,0.0,67
m5_sales,d_1206,int64,0,0.0,73
m5_sales,d_1207,int64,0,0.0,57
m5_sales,d_1208,int64,0,0.0,53
m5_sales,d_1209,int64,0,0.0,59
m5_sales,d_1210,int64,0,0.0,56
m5_sales,d_1211,int64,0,0.0,57
m5_sales,d_1212,int64,0,0.0,68
m5_sales,d_1213,int64,0,0.0,67
m5_sales,d_1214,int64,0,0.0,62
m5_sales,d_1215,int64,0,0.0,54
m5_sales,d_1216,int64,0,0.0,49
m5_sales,d_1217,int64,0,0.0,53
m5_sales,d_1218,int64,0,0.0,59
m5_sales,d_1219,int64,0,0.0,64
m5_sales,d_1220,int64,0,0.0,73
m5_sales,d_1221,int64,0,0.0,67
m5_sales,d_1222,int64,0,0.0,66
m5_sales,d_1223,int64,0,0.0,61
m5_sales,d_1224,int64,0,0.0,67
m5_sales,d_1225,int64,0,0.0,68
m5_sales,d_1226,int64,0,0.0,78
m5_sales,d_1227,int64,0,0.0,82
m5_sales,d_1228,int64,0,0.0,76
m5_sales,d_1229,int64,0,0.0,67
m5_sales,d_1230,int64,0,0.0,63
m5_sales,d_1231,int64,0,0.0,67
m5_sales,d_1232,int64,0,0.0,74
m5_sales,d_1233,int64,0,0.0,80
m5_sales,d_1234,int64,0,0.0,81
m5_sales,d_1235,int64,0,0.0,67
m5_sales,d_1236,int64,0,0.0,61
m5_sales,d_1237,int64,0,0.0,62
m5_sales,d_1238,int64,0,0.0,60
m5_sales,d_1239,int64,0,0.0,70
m5_sales,d_1240,int64,0,0.0,75
m5_sales,d_1241,int64,0,0.0,70
m5_sales,d_1242,int64,0,0.0,61
m5_sales,d_1243,int64,0,0.0,55
m5_sales,d_1244,int64,0,0.0,51
m5_sales,d_1245,int64,0,0.0,53
m5_sales,d_1246,int64,0,0.0,66
m5_sales,d_1247,int64,0,0.0,66
m5_sales,d_1248,int64,0,0.0,76
m5_sales,d_1249,int64,0,0.0,67
m5_sales,d_1250,int64,0,0.0,65
m5_sales,d_1251,int64,0,0.0,69
m5_sales,d_1252,int64,0,0.0,80
m5_sales,d_1253,int64,0,0.0,75
m5_sales,d_1254,int64,0,0.0,74
m5_sales,d_1255,int64,0,0.0,89
m5_sales,d_1256,int64,0,0.0,72
m5_sales,d_1257,int64,0,0.0,67
m5_sales,d_1258,int64,0,0.0,69
m5_sales,d_1259,int64,0,0.0,69
m5_sales,d_1260,int64,0,0.0,77
m5_sales,d_1261,int64,0,0.0,86
m5_sales,d_1262,int64,0,0.0,78
m5_sales,d_1263,int64,0,0.0,76
m5_sales,d_1264,int64,0,0.0,73
m5_sales,d_1265,int64,0,0.0,67
m5_sales,d_1266,int64,0,0.0,66
m5_sales,d_1267,int64,0,0.0,73
m5_sales,d_1268,int64,0,0.0,79
m5_sales,d_1269,int64,0,0.0,78
m5_sales,d_1270,int64,0,0.0,62
m5_sales,d_1271,int64,0,0.0,62
m5_sales,d_1272,int64,0,0.0,65
m5_sales,d_1273,int64,0,0.0,65
m5_sales,d_1274,int64,0,0.0,67
m5_sales,d_1275,int64,0,0.0,75
m5_sales,d_1276,int64,0,0.0,86
m5_sales,d_1277,int64,0,0.0,61
m5_sales,d_1278,int64,0,0.0,63
m5_sales,d_1279,int64,0,0.0,61
m5_sales,d_1280,int64,0,0.0,64
m5_sales,d_1281,int64,0,0.0,76
m5_sales,d_1282,int64,0,0.0,81
m5_sales,d_1283,int64,0,0.0,91
m5_sales,d_1284,int64,0,0.0,70
m5_sales,d_1285,int64,0,0.0,74
m5_sales,d_1286,int64,0,0.0,66
m5_sales,d_1287,int64,0,0.0,71
m5_sales,d_1288,int64,0,0.0,75
m5_sales,d_1289,int64,0,0.0,81
m5_sales,d_1290,int64,0,0.0,80
m5_sales,d_1291,int64,0,0.0,70
m5_sales,d_1292,int64,0,0.0,72
m5_sales,d_1293,int64,0,0.0,64
m5_sales,d_1294,int64,0,0.0,65
m5_sales,d_1295,int64,0,0.0,73
m5_sales,d_1296,int64,0,0.0,83
m5_sales,d_1297,int64,0,0.0,82
m5_sales,d_1298,int64,0,0.0,71
m5_sales,d_1299,int64,0,0.0,63
m5_sales,d_1300,int64,0,0.0,58
m5_sales,d_1301,int64,0,0.0,58
m5_sales,d_1302,int64,0,0.0,69
m5_sales,d_1303,int64,0,0.0,77
m5_sales,d_1304,int64,0,0.0,84
m5_sales,d_1305,int64,0,0.0,65
m5_sales,d_1306,int64,0,0.0,60
m5_sales,d_1307,int64,0,0.0,59
m5_sales,d_1308,int64,0,0.0,57
m5_sales,d_1309,int64,0,0.0,64
m5_sales,d_1310,int64,0,0.0,76
m5_sales,d_1311,int64,0,0.0,71
m5_sales,d_1312,int64,0,0.0,76
m5_sales,d_1313,int64,0,0.0,63
m5_sales,d_1314,int64,0,0.0,69
m5_sales,d_1315,int64,0,0.0,64
m5_sales,d_1316,int64,0,0.0,67
m5_sales,d_1317,int64,0,0.0,80
m5_sales,d_1318,int64,0,0.0,85
m5_sales,d_1319,int64,0,0.0,68
m5_sales,d_1320,int64,0,0.0,66
m5_sales,d_1321,int64,0,0.0,62
m5_sales,d_1322,int64,0,0.0,67
m5_sales,d_1323,int64,0,0.0,69
m5_sales,d_1324,int64,0,0.0,79
m5_sales,d_1325,int64,0,0.0,84
m5_sales,d_1326,int64,0,0.0,69
m5_sales,d_1327,int64,0,0.0,61
m5_sales,d_1328,int64,0,0.0,56
m5_sales,d_1329,int64,0,0.0,55
m5_sales,d_1330,int64,0,0.0,66
m5_sales,d_1331,int64,0,0.0,76
m5_sales,d_1332,int64,0,0.0,77
m5_sales,d_1333,int64,0,0.0,61
m5_sales,d_1334,int64,0,0.0,57
m5_sales,d_1335,int64,0,0.0,57
m5_sales,d_1336,int64,0,0.0,58
m5_sales,d_1337,int64,0,0.0,59
m5_sales,d_1338,int64,0,0.0,71
m5_sales,d_1339,int64,0,0.0,73
m5_sales,d_1340,int64,0,0.0,59
m5_sales,d_1341,int64,0,0.0,58
m5_sales,d_1342,int64,0,0.0,62
m5_sales,d_1343,int64,0,0.0,66
m5_sales,d_1344,int64,0,0.0,76
m5_sales,d_1345,int64,0,0.0,74
m5_sales,d_1346,int64,0,0.0,83
m5_sales,d_1347,int64,0,0.0,69
m5_sales,d_1348,int64,0,0.0,61
m5_sales,d_1349,int64,0,0.0,62
m5_sales,d_1350,int64,0,0.0,64
m5_sales,d_1351,int64,0,0.0,63
m5_sales,d_1352,int64,0,0.0,74
m5_sales,d_1353,int64,0,0.0,77
m5_sales,d_1354,int64,0,0.0,58
m5_sales,d_1355,int64,0,0.0,57
m5_sales,d_1356,int64,0,0.0,65
m5_sales,d_1357,int64,0,0.0,52
m5_sales,d_1358,int64,0,0.0,54
m5_sales,d_1359,int64,0,0.0,71
m5_sales,d_1360,int64,0,0.0,76
m5_sales,d_1361,int64,0,0.0,55
m5_sales,d_1362,int64,0,0.0,51
m5_sales,d_1363,int64,0,0.0,50
m5_sales,d_1364,int64,0,0.0,52
m5_sales,d_1365,int64,0,0.0,63
m5_sales,d_1366,int64,0,0.0,69
m5_sales,d_1367,int64,0,0.0,66
m5_sales,d_1368,int64,0,0.0,60
m5_sales,d_1369,int64,0,0.0,56
m5_sales,d_1370,int64,0,0.0,57
m5_sales,d_1371,int64,0,0.0,63
m5_sales,d_1372,int64,0,0.0,64
m5_sales,d_1373,int64,0,0.0,73
m5_sales,d_1374,int64,0,0.0,75
m5_sales,d_1375,int64,0,0.0,66
m5_sales,d_1376,int64,0,0.0,59
m5_sales,d_1377,int64,0,0.0,59
m5_sales,d_1378,int64,0,0.0,58
m5_sales,d_1379,int64,0,0.0,65
m5_sales,d_1380,int64,0,0.0,75
m5_sales,d_1381,int64,0,0.0,78
m5_sales,d_1382,int64,0,0.0,62
m5_sales,d_1383,int64,0,0.0,62
m5_sales,d_1384,int64,0,0.0,58
m5_sales,d_1385,int64,0,0.0,53
m5_sales,d_1386,int64,0,0.0,65
m5_sales,d_1387,int64,0,0.0,74
m5_sales,d_1388,int64,0,0.0,74
m5_sales,d_1389,int64,0,0.0,54
m5_sales,d_1390,int64,0,0.0,54
m5_sales,d_1391,int64,0,0.0,53
m5_sales,d_1392,int64,0,0.0,55
m5_sales,d_1393,int64,0,0.0,63
m5_sales,d_1394,int64,0,0.0,70
m5_sales,d_1395,int64,0,0.0,70
m5_sales,d_1396,int64,0,0.0,56
m5_sales,d_1397,int64,0,0.0,63
m5_sales,d_1398,int64,0,0.0,76
m5_sales,d_1399,int64,0,0.0,75
m5_sales,d_1400,int64,0,0.0,60
m5_sales,d_1401,int64,0,0.0,61
m5_sales,d_1402,int64,0,0.0,62
m5_sales,d_1403,int64,0,0.0,55
m5_sales,d_1404,int64,0,0.0,58
m5_sales,d_1405,int64,0,0.0,59
m5_sales,d_1406,int64,0,0.0,56
m5_sales,d_1407,int64,0,0.0,67
m5_sales,d_1408,int64,0,0.0,68
m5_sales,d_1409,int64,0,0.0,64
m5_sales,d_1410,int64,0,0.0,61
m5_sales,d_1411,int64,0,0.0,58
m5_sales,d_1412,int64,0,0.0,55
m5_sales,d_1413,int64,0,0.0,55
m5_sales,d_1414,int64,0,0.0,56
m5_sales,d_1415,int64,0,0.0,65
m5_sales,d_1416,int64,0,0.0,63
m5_sales,d_1417,int64,0,0.0,58
m5_sales,d_1418,int64,0,0.0,52
m5_sales,d_1419,int64,0,0.0,57
m5_sales,d_1420,int64,0,0.0,66
m5_sales,d_1421,int64,0,0.0,57
m5_sales,d_1422,int64,0,0.0,65
m5_sales,d_1423,int64,0,0.0,71
m5_sales,d_1424,int64,0,0.0,64
m5_sales,d_1425,int64,0,0.0,67
m5_sales,d_1426,int64,0,0.0,68
m5_sales,d_1427,int64,0,0.0,3
m5_sales,d_1428,int64,0,0.0,59
m5_sales,d_1429,int64,0,0.0,57
m5_sales,d_1430,int64,0,0.0,55
m5_sales,d_1431,int64,0,0.0,49
m5_sales,d_1432,int64,0,0.0,50
m5_sales,d_1433,int64,0,0.0,65
m5_sales,d_1434,int64,0,0.0,50
m5_sales,d_1435,int64,0,0.0,67
m5_sales,d_1436,int64,0,0.0,71
m5_sales,d_1437,int64,0,0.0,73
m5_sales,d_1438,int64,0,0.0,59
m5_sales,d_1439,int64,0,0.0,65
m5_sales,d_1440,int64,0,0.0,58
m5_sales,d_1441,int64,0,0.0,58
m5_sales,d_1442,int64,0,0.0,60
m5_sales,d_1443,int64,0,0.0,70
m5_sales,d_1444,int64,0,0.0,74
m5_sales,d_1445,int64,0,0.0,65
m5_sales,d_1446,int64,0,0.0,57
m5_sales,d_1447,int64,0,0.0,60
m5_sales,d_1448,int64,0,0.0,62
m5_sales,d_1449,int64,0,0.0,62
m5_sales,d_1450,int64,0,0.0,77
m5_sales,d_1451,int64,0,0.0,74
m5_sales,d_1452,int64,0,0.0,58
m5_sales,d_1453,int64,0,0.0,56
m5_sales,d_1454,int64,0,0.0,52
m5_sales,d_1455,int64,0,0.0,51
m5_sales,d_1456,int64,0,0.0,60
m5_sales,d_1457,int64,0,0.0,66
m5_sales,d_1458,int64,0,0.0,71
m5_sales,d_1459,int64,0,0.0,56
m5_sales,d_1460,int64,0,0.0,54
m5_sales,d_1461,int64,0,0.0,55
m5_sales,d_1462,int64,0,0.0,52
m5_sales,d_1463,int64,0,0.0,64
m5_sales,d_1464,int64,0,0.0,79
m5_sales,d_1465,int64,0,0.0,76
m5_sales,d_1466,int64,0,0.0,59
m5_sales,d_1467,int64,0,0.0,60
m5_sales,d_1468,int64,0,0.0,63
m5_sales,d_1469,int64,0,0.0,59
m5_sales,d_1470,int64,0,0.0,68
m5_sales,d_1471,int64,0,0.0,75
m5_sales,d_1472,int64,0,0.0,79
m5_sales,d_1473,int64,0,0.0,66
m5_sales,d_1474,int64,0,0.0,61
m5_sales,d_1475,int64,0,0.0,65
m5_sales,d_1476,int64,0,0.0,64
m5_sales,d_1477,int64,0,0.0,63
m5_sales,d_1478,int64,0,0.0,76
m5_sales,d_1479,int64,0,0.0,66
m5_sales,d_1480,int64,0,0.0,55
m5_sales,d_1481,int64,0,0.0,50
m5_sales,d_1482,int64,0,0.0,53
m5_sales,d_1483,int64,0,0.0,52
m5_sales,d_1484,int64,0,0.0,53
m5_sales,d_1485,int64,0,0.0,62
m5_sales,d_1486,int64,0,0.0,64
m5_sales,d_1487,int64,0,0.0,52
m5_sales,d_1488,int64,0,0.0,56
m5_sales,d_1489,int64,0,0.0,50
m5_sales,d_1490,int64,0,0.0,48
m5_sales,d_1491,int64,0,0.0,50
m5_sales,d_1492,int64,0,0.0,56
m5_sales,d_1493,int64,0,0.0,64
m5_sales,d_1494,int64,0,0.0,55
m5_sales,d_1495,int64,0,0.0,59
m5_sales,d_1496,int64,0,0.0,57
m5_sales,d_1497,int64,0,0.0,60
m5_sales,d_1498,int64,0,0.0,60
m5_sales,d_1499,int64,0,0.0,67
m5_sales,d_1500,int64,0,0.0,78
m5_sales,d_1501,int64,0,0.0,63
m5_sales,d_1502,int64,0,0.0,57
m5_sales,d_1503,int64,0,0.0,52
m5_sales,d_1504,int64,0,0.0,63
m5_sales,d_1505,int64,0,0.0,67
m5_sales,d_1506,int64,0,0.0,76
m5_sales,d_1507,int64,0,0.0,77
m5_sales,d_1508,int64,0,0.0,62
m5_sales,d_1509,int64,0,0.0,60
m5_sales,d_1510,int64,0,0.0,54
m5_sales,d_1511,int64,0,0.0,54
m5_sales,d_1512,int64,0,0.0,57
m5_sales,d_1513,int64,0,0.0,70
m5_sales,d_1514,int64,0,0.0,69
m5_sales,d_1515,int64,0,0.0,57
m5_sales,d_1516,int64,0,0.0,55
m5_sales,d_1517,int64,0,0.0,54
m5_sales,d_1518,int64,0,0.0,53
m5_sales,d_1519,int64,0,0.0,57
m5_sales,d_1520,int64,0,0.0,69
m5_sales,d_1521,int64,0,0.0,71
m5_sales,d_1522,int64,0,0.0,55
m5_sales,d_1523,int64,0,0.0,51
m5_sales,d_1524,int64,0,0.0,61
m5_sales,d_1525,int64,0,0.0,58
m5_sales,d_1526,int64,0,0.0,74
m5_sales,d_1527,int64,0,0.0,78
m5_sales,d_1528,int64,0,0.0,70
m5_sales,d_1529,int64,0,0.0,67
m5_sales,d_1530,int64,0,0.0,60
m5_sales,d_1531,int64,0,0.0,59
m5_sales,d_1532,int64,0,0.0,60
m5_sales,d_1533,int64,0,0.0,59
m5_sales,d_1534,int64,0,0.0,73
m5_sales,d_1535,int64,0,0.0,70
m5_sales,d_1536,int64,0,0.0,54
m5_sales,d_1537,int64,0,0.0,64
m5_sales,d_1538,int64,0,0.0,59
m5_sales,d_1539,int64,0,0.0,55
m5_sales,d_1540,int64,0,0.0,61
m5_sales,d_1541,int64,0,0.0,70
m5_sales,d_1542,int64,0,0.0,64
m5_sales,d_1543,int64,0,0.0,55
m5_sales,d_1544,int64,0,0.0,54
m5_sales,d_1545,int64,0,0.0,52
m5_sales,d_1546,int64,0,0.0,56
m5_sales,d_1547,int64,0,0.0,57
m5_sales,d_1548,int64,0,0.0,66
m5_sales,d_1549,int64,0,0.0,70
m5_sales,d_1550,int64,0,0.0,56
m5_sales,d_1551,int64,0,0.0,47
m5_sales,d_1552,int64,0,0.0,53
m5_sales,d_1553,int64,0,0.0,59
m5_sales,d_1554,int64,0,0.0,65
m5_sales,d_1555,int64,0,0.0,79
m5_sales,d_1556,int64,0,0.0,74
m5_sales,d_1557,int64,0,0.0,59
m5_sales,d_1558,int64,0,0.0,59
m5_sales,d_1559,int64,0,0.0,60
m5_sales,d_1560,int64,0,0.0,57
m5_sales,d_1561,int64,0,0.0,63
m5_sales,d_1562,int64,0,0.0,73
m5_sales,d_1563,int64,0,0.0,67
m5_sales,d_1564,int64,0,0.0,63
m5_sales,d_1565,int64,0,0.0,60
m5_sales,d_1566,int64,0,0.0,55
m5_sales,d_1567,int64,0,0.0,52
m5_sales,d_1568,int64,0,0.0,61
m5_sales,d_1569,int64,0,0.0,63
m5_sales,d_1570,int64,0,0.0,65
m5_sales,d_1571,int64,0,0.0,50
m5_sales,d_1572,int64,0,0.0,51
m5_sales,d_1573,int64,0,0.0,53
m5_sales,d_1574,int64,0,0.0,45
m5_sales,d_1575,int64,0,0.0,59
m5_sales,d_1576,int64,0,0.0,63
m5_sales,d_1577,int64,0,0.0,58
m5_sales,d_1578,int64,0,0.0,62
m5_sales,d_1579,int64,0,0.0,52
m5_sales,d_1580,int64,0,0.0,47
m5_sales,d_1581,int64,0,0.0,50
m5_sales,d_1582,int64,0,0.0,54
m5_sales,d_1583,int64,0,0.0,63
m5_sales,d_1584,int64,0,0.0,63
m5_sales,d_1585,int64,0,0.0,60
m5_sales,d_1586,int64,0,0.0,68
m5_sales,d_1587,int64,0,0.0,61
m5_sales,d_1588,int64,0,0.0,53
m5_sales,d_1589,int64,0,0.0,64
m5_sales,d_1590,int64,0,0.0,68
m5_sales,d_1591,int64,0,0.0,79
m5_sales,d_1592,int64,0,0.0,70
m5_sales,d_1593,int64,0,0.0,67
m5_sales,d_1594,int64,0,0.0,60
m5_sales,d_1595,int64,0,0.0,64
m5_sales,d_1596,int64,0,0.0,70
m5_sales,d_1597,int64,0,0.0,67
m5_sales,d_1598,int64,0,0.0,96
m5_sales,d_1599,int64,0,0.0,84
m5_sales,d_1600,int64,0,0.0,59
m5_sales,d_1601,int64,0,0.0,60
m5_sales,d_1602,int64,0,0.0,61
m5_sales,d_1603,int64,0,0.0,65
m5_sales,d_1604,int64,0,0.0,74
m5_sales,d_1605,int64,0,0.0,75
m5_sales,d_1606,int64,0,0.0,58
m5_sales,d_1607,int64,0,0.0,62
m5_sales,d_1608,int64,0,0.0,57
m5_sales,d_1609,int64,0,0.0,63
m5_sales,d_1610,int64,0,0.0,63
m5_sales,d_1611,int64,0,0.0,76
m5_sales,d_1612,int64,0,0.0,77
m5_sales,d_1613,int64,0,0.0,61
m5_sales,d_1614,int64,0,0.0,61
m5_sales,d_1615,int64,0,0.0,67
m5_sales,d_1616,int64,0,0.0,73
m5_sales,d_1617,int64,0,0.0,91
m5_sales,d_1618,int64,0,0.0,77
m5_sales,d_1619,int64,0,0.0,76
m5_sales,d_1620,int64,0,0.0,69
m5_sales,d_1621,int64,0,0.0,67
m5_sales,d_1622,int64,0,0.0,60
m5_sales,d_1623,int64,0,0.0,64
m5_sales,d_1624,int64,0,0.0,66
m5_sales,d_1625,int64,0,0.0,75
m5_sales,d_1626,int64,0,0.0,78
m5_sales,d_1627,int64,0,0.0,62
m5_sales,d_1628,int64,0,0.0,67
m5_sales,d_1629,int64,0,0.0,66
m5_sales,d_1630,int64,0,0.0,61
m5_sales,d_1631,int64,0,0.0,71
m5_sales,d_1632,int64,0,0.0,75
m5_sales,d_1633,int64,0,0.0,80
m5_sales,d_1634,int64,0,0.0,67
m5_sales,d_1635,int64,0,0.0,62
m5_sales,d_1636,int64,0,0.0,59
m5_sales,d_1637,int64,0,0.0,60
m5_sales,d_1638,int64,0,0.0,69
m5_sales,d_1639,int64,0,0.0,72
m5_sales,d_1640,int64,0,0.0,79
m5_sales,d_1641,int64,0,0.0,64
m5_sales,d_1642,int64,0,0.0,65
m5_sales,d_1643,int64,0,0.0,56
m5_sales,d_1644,int64,0,0.0,60
m5_sales,d_1645,int64,0,0.0,70
m5_sales,d_1646,int64,0,0.0,79
m5_sales,d_1647,int64,0,0.0,86
m5_sales,d_1648,int64,0,0.0,72
m5_sales,d_1649,int64,0,0.0,59
m5_sales,d_1650,int64,0,0.0,69
m5_sales,d_1651,int64,0,0.0,64
m5_sales,d_1652,int64,0,0.0,69
m5_sales,d_1653,int64,0,0.0,82
m5_sales,d_1654,int64,0,0.0,85
m5_sales,d_1655,int64,0,0.0,64
m5_sales,d_1656,int64,0,0.0,63
m5_sales,d_1657,int64,0,0.0,70
m5_sales,d_1658,int64,0,0.0,64
m5_sales,d_1659,int64,0,0.0,75
m5_sales,d_1660,int64,0,0.0,83
m5_sales,d_1661,int64,0,0.0,89
m5_sales,d_1662,int64,0,0.0,72
m5_sales,d_1663,int64,0,0.0,64
m5_sales,d_1664,int64,0,0.0,58
m5_sales,d_1665,int64,0,0.0,59
m5_sales,d_1666,int64,0,0.0,65
m5_sales,d_1667,int64,0,0.0,71
m5_sales,d_1668,int64,0,0.0,73
m5_sales,d_1669,int64,0,0.0,62
m5_sales,d_1670,int64,0,0.0,55
m5_sales,d_1671,int64,0,0.0,57
m5_sales,d_1672,int64,0,0.0,57
m5_sales,d_1673,int64,0,0.0,65
m5_sales,d_1674,int64,0,0.0,77
m5_sales,d_1675,int64,0,0.0,72
m5_sales,d_1676,int64,0,0.0,56
m5_sales,d_1677,int64,0,0.0,63
m5_sales,d_1678,int64,0,0.0,65
m5_sales,d_1679,int64,0,0.0,64
m5_sales,d_1680,int64,0,0.0,63
m5_sales,d_1681,int64,0,0.0,72
m5_sales,d_1682,int64,0,0.0,82
m5_sales,d_1683,int64,0,0.0,78
m5_sales,d_1684,int64,0,0.0,65
m5_sales,d_1685,int64,0,0.0,67
m5_sales,d_1686,int64,0,0.0,61
m5_sales,d_1687,int64,0,0.0,69
m5_sales,d_1688,int64,0,0.0,76
m5_sales,d_1689,int64,0,0.0,79
m5_sales,d_1690,int64,0,0.0,61
m5_sales,d_1691,int64,0,0.0,61
m5_sales,d_1692,int64,0,0.0,58
m5_sales,d_1693,int64,0,0.0,56
m5_sales,d_1694,int64,0,0.0,66
m5_sales,d_1695,int64,0,0.0,75
m5_sales,d_1696,int64,0,0.0,78
m5_sales,d_1697,int64,0,0.0,63
m5_sales,d_1698,int64,0,0.0,54
m5_sales,d_1699,int64,0,0.0,58
m5_sales,d_1700,int64,0,0.0,62
m5_sales,d_1701,int64,0,0.0,70
m5_sales,d_1702,int64,0,0.0,73
m5_sales,d_1703,int64,0,0.0,71
m5_sales,d_1704,int64,0,0.0,54
m5_sales,d_1705,int64,0,0.0,51
m5_sales,d_1706,int64,0,0.0,50
m5_sales,d_1707,int64,0,0.0,61
m5_sales,d_1708,int64,0,0.0,70
m5_sales,d_1709,int64,0,0.0,82
m5_sales,d_1710,int64,0,0.0,71
m5_sales,d_1711,int64,0,0.0,67
m5_sales,d_1712,int64,0,0.0,62
m5_sales,d_1713,int64,0,0.0,60
m5_sales,d_1714,int64,0,0.0,66
m5_sales,d_1715,int64,0,0.0,69
m5_sales,d_1716,int64,0,0.0,74
m5_sales,d_1717,int64,0,0.0,73
m5_sales,d_1718,int64,0,0.0,67
m5_sales,d_1719,int64,0,0.0,63
m5_sales,d_1720,int64,0,0.0,62
m5_sales,d_1721,int64,0,0.0,61
m5_sales,d_1722,int64,0,0.0,65
m5_sales,d_1723,int64,0,0.0,72
m5_sales,d_1724,int64,0,0.0,78
m5_sales,d_1725,int64,0,0.0,55
m5_sales,d_1726,int64,0,0.0,53
m5_sales,d_1727,int64,0,0.0,56
m5_sales,d_1728,int64,0,0.0,58
m5_sales,d_1729,int64,0,0.0,62
m5_sales,d_1730,int64,0,0.0,64
m5_sales,d_1731,int64,0,0.0,74
m5_sales,d_1732,int64,0,0.0,54
m5_sales,d_1733,int64,0,0.0,56
m5_sales,d_1734,int64,0,0.0,54
m5_sales,d_1735,int64,0,0.0,60
m5_sales,d_1736,int64,0,0.0,69
m5_sales,d_1737,int64,0,0.0,71
m5_sales,d_1738,int64,0,0.0,68
m5_sales,d_1739,int64,0,0.0,54
m5_sales,d_1740,int64,0,0.0,55
m5_sales,d_1741,int64,0,0.0,52
m5_sales,d_1742,int64,0,0.0,58
m5_sales,d_1743,int64,0,0.0,64
m5_sales,d_1744,int64,0,0.0,70
m5_sales,d_1745,int64,0,0.0,67
m5_sales,d_1746,int64,0,0.0,60
m5_sales,d_1747,int64,0,0.0,54
m5_sales,d_1748,int64,0,0.0,57
m5_sales,d_1749,int64,0,0.0,61
m5_sales,d_1750,int64,0,0.0,67
m5_sales,d_1751,int64,0,0.0,66
m5_sales,d_1752,int64,0,0.0,74
m5_sales,d_1753,int64,0,0.0,55
m5_sales,d_1754,int64,0,0.0,50
m5_sales,d_1755,int64,0,0.0,50
m5_sales,d_1756,int64,0,0.0,52
m5_sales,d_1757,int64,0,0.0,64
m5_sales,d_1758,int64,0,0.0,69
m5_sales,d_1759,int64,0,0.0,72
m5_sales,d_1760,int64,0,0.0,62
m5_sales,d_1761,int64,0,0.0,63
m5_sales,d_1762,int64,0,0.0,81
m5_sales,d_1763,int64,0,0.0,77
m5_sales,d_1764,int64,0,0.0,62
m5_sales,d_1765,int64,0,0.0,60
m5_sales,d_1766,int64,0,0.0,58
m5_sales,d_1767,int64,0,0.0,54
m5_sales,d_1768,int64,0,0.0,56
m5_sales,d_1769,int64,0,0.0,58
m5_sales,d_1770,int64,0,0.0,60
m5_sales,d_1771,int64,0,0.0,57
m5_sales,d_1772,int64,0,0.0,71
m5_sales,d_1773,int64,0,0.0,71
m5_sales,d_1774,int64,0,0.0,52
m5_sales,d_1775,int64,0,0.0,56
m5_sales,d_1776,int64,0,0.0,58
m5_sales,d_1777,int64,0,0.0,54
m5_sales,d_1778,int64,0,0.0,66
m5_sales,d_1779,int64,0,0.0,72
m5_sales,d_1780,int64,0,0.0,67
m5_sales,d_1781,int64,0,0.0,60
m5_sales,d_1782,int64,0,0.0,62
m5_sales,d_1783,int64,0,0.0,54
m5_sales,d_1784,int64,0,0.0,61
m5_sales,d_1785,int64,0,0.0,56
m5_sales,d_1786,int64,0,0.0,70
m5_sales,d_1787,int64,0,0.0,64
m5_sales,d_1788,int64,0,0.0,58
m5_sales,d_1789,int64,0,0.0,60
m5_sales,d_1790,int64,0,0.0,65
m5_sales,d_1791,int64,0,0.0,72
m5_sales,d_1792,int64,0,0.0,3
m5_sales,d_1793,int64,0,0.0,65
m5_sales,d_1794,int64,0,0.0,58
m5_sales,d_1795,int64,0,0.0,47
m5_sales,d_1796,int64,0,0.0,49
m5_sales,d_1797,int64,0,0.0,53
m5_sales,d_1798,int64,0,0.0,71
m5_sales,d_1799,int64,0,0.0,54
m5_sales,d_1800,int64,0,0.0,61
m5_sales,d_1801,int64,0,0.0,62
m5_sales,d_1802,int64,0,0.0,54
m5_sales,d_1803,int64,0,0.0,56
m5_sales,d_1804,int64,0,0.0,53
m5_sales,d_1805,int64,0,0.0,65
m5_sales,d_1806,int64,0,0.0,64
m5_sales,d_1807,int64,0,0.0,77
m5_sales,d_1808,int64,0,0.0,70
m5_sales,d_1809,int64,0,0.0,65
m5_sales,d_1810,int64,0,0.0,58
m5_sales,d_1811,int64,0,0.0,54
m5_sales,d_1812,int64,0,0.0,58
m5_sales,d_1813,int64,0,0.0,64
m5_sales,d_1814,int64,0,0.0,71
m5_sales,d_1815,int64,0,0.0,67
m5_sales,d_1816,int64,0,0.0,59
m5_sales,d_1817,int64,0,0.0,56
m5_sales,d_1818,int64,0,0.0,55
m5_sales,d_1819,int64,0,0.0,57
m5_sales,d_1820,int64,0,0.0,57
m5_sales,d_1821,int64,0,0.0,70
m5_sales,d_1822,int64,0,0.0,70
m5_sales,d_1823,int64,0,0.0,55
m5_sales,d_1824,int64,0,0.0,49
m5_sales,d_1825,int64,0,0.0,51
m5_sales,d_1826,int64,0,0.0,49
m5_sales,d_1827,int64,0,0.0,57
m5_sales,d_1828,int64,0,0.0,72
m5_sales,d_1829,int64,0,0.0,69
m5_sales,d_1830,int64,0,0.0,64
m5_sales,d_1831,int64,0,0.0,54
m5_sales,d_1832,int64,0,0.0,66
m5_sales,d_1833,int64,0,0.0,59
m5_sales,d_1834,int64,0,0.0,65
m5_sales,d_1835,int64,0,0.0,78
m5_sales,d_1836,int64,0,0.0,73
m5_sales,d_1837,int64,0,0.0,58
m5_sales,d_1838,int64,0,0.0,58
m5_sales,d_1839,int64,0,0.0,66
m5_sales,d_1840,int64,0,0.0,68
m5_sales,d_1841,int64,0,0.0,70
m5_sales,d_1842,int64,0,0.0,77
m5_sales,d_1843,int64,0,0.0,72
m5_sales,d_1844,int64,0,0.0,76
m5_sales,d_1845,int64,0,0.0,64
m5_sales,d_1846,int64,0,0.0,62
m5_sales,d_1847,int64,0,0.0,60
m5_sales,d_1848,int64,0,0.0,64
m5_sales,d_1849,int64,0,0.0,75
m5_sales,d_1850,int64,0,0.0,76
m5_sales,d_1851,int64,0,0.0,55
m5_sales,d_1852,int64,0,0.0,56
m5_sales,d_1853,int64,0,0.0,55
m5_sales,d_1854,int64,0,0.0,58
m5_sales,d_1855,int64,0,0.0,58
m5_sales,d_1856,int64,0,0.0,67
m5_sales,d_1857,int64,0,0.0,69
m5_sales,d_1858,int64,0,0.0,55
m5_sales,d_1859,int64,0,0.0,58
m5_sales,d_1860,int64,0,0.0,59
m5_sales,d_1861,int64,0,0.0,61
m5_sales,d_1862,int64,0,0.0,63
m5_sales,d_1863,int64,0,0.0,72
m5_sales,d_1864,int64,0,0.0,76
m5_sales,d_1865,int64,0,0.0,60
m5_sales,d_1866,int64,0,0.0,63
m5_sales,d_1867,int64,0,0.0,58
m5_sales,d_1868,int64,0,0.0,57
m5_sales,d_1869,int64,0,0.0,61
m5_sales,d_1870,int64,0,0.0,73
m5_sales,d_1871,int64,0,0.0,74
m5_sales,d_1872,int64,0,0.0,62
m5_sales,d_1873,int64,0,0.0,62
m5_sales,d_1874,int64,0,0.0,61
m5_sales,d_1875,int64,0,0.0,60
m5_sales,d_1876,int64,0,0.0,61
m5_sales,d_1877,int64,0,0.0,64
m5_sales,d_1878,int64,0,0.0,72
m5_sales,d_1879,int64,0,0.0,54
m5_sales,d_1880,int64,0,0.0,53
m5_sales,d_1881,int64,0,0.0,53
m5_sales,d_1882,int64,0,0.0,55
m5_sales,d_1883,int64,0,0.0,73
m5_sales,d_1884,int64,0,0.0,85
m5_sales,d_1885,int64,0,0.0,82
m5_sales,d_1886,int64,0,0.0,55
m5_sales,d_1887,int64,0,0.0,55
m5_sales,d_1888,int64,0,0.0,56
m5_sales,d_1889,int64,0,0.0,56
m5_sales,d_1890,int64,0,0.0,64
m5_sales,d_1891,int64,0,0.0,77
m5_sales,d_1892,int64,0,0.0,75
m5_sales,d_1893,int64,0,0.0,61
m5_sales,d_1894,int64,0,0.0,63
m5_sales,d_1895,int64,0,0.0,61
m5_sales,d_1896,int64,0,0.0,60
m5_sales,d_1897,int64,0,0.0,70
m5_sales,d_1898,int64,0,0.0,80
m5_sales,d_1899,int64,0,0.0,72
m5_sales,d_1900,int64,0,0.0,64
m5_sales,d_1901,int64,0,0.0,59
m5_sales,d_1902,int64,0,0.0,55
m5_sales,d_1903,int64,0,0.0,63
m5_sales,d_1904,int64,0,0.0,69
m5_sales,d_1905,int64,0,0.0,71
m5_sales,d_1906,int64,0,0.0,77
m5_sales,d_1907,int64,0,0.0,61
m5_sales,d_1908,int64,0,0.0,57
m5_sales,d_1909,int64,0,0.0,53
m5_sales,d_1910,int64,0,0.0,57
m5_sales,d_1911,int64,0,0.0,61
m5_sales,d_1912,int64,0,0.0,73
m5_sales,d_1913,int64,0,0.0,65
m5_sales,d_1914,int64,0,0.0,58
m5_sales,d_1915,int64,0,0.0,53
m5_sales,d_1916,int64,0,0.0,54
m5_sales,d_1917,int64,0,0.0,57
m5_sales,d_1918,int64,0,0.0,64
m5_sales,d_1919,int64,0,0.0,69
m5_sales,d_1920,int64,0,0.0,71
m5_sales,d_1921,int64,0,0.0,59
m5_sales,d_1922,int64,0,0.0,61
m5_sales,d_1923,int64,0,0.0,61
m5_sales,d_1924,int64,0,0.0,62
m5_sales,d_1925,int64,0,0.0,70
m5_sales,d_1926,int64,0,0.0,77
m5_sales,d_1927,int64,0,0.0,71
m5_sales,d_1928,int64,0,0.0,68
m5_sales,d_1929,int64,0,0.0,56
m5_sales,d_1930,int64,0,0.0,62
m5_sales,d_1931,int64,0,0.0,61
m5_sales,d_1932,int64,0,0.0,66
m5_sales,d_1933,int64,0,0.0,78
m5_sales,d_1934,int64,0,0.0,77
m5_sales,d_1935,int64,0,0.0,59
m5_sales,d_1936,int64,0,0.0,59
m5_sales,d_1937,int64,0,0.0,56
m5_sales,d_1938,int64,0,0.0,54
m5_sales,d_1939,int64,0,0.0,64
m5_sales,d_1940,int64,0,0.0,67
m5_sales,d_1941,int64,0,0.0,76
dataco_supply_chain,Type,object,0,0.0,4
dataco_supply_chain,Days for shipping (real),int64,0,0.0,7
dataco_supply_chain,Days for shipment (scheduled),int64,0,0.0,4
dataco_supply_chain,Benefit per order,float64,0,0.0,21998
dataco_supply_chain,Sales per customer,float64,0,0.0,2927
dataco_supply_chain,Delivery Status,object,0,0.0,4
dataco_supply_chain,Late_delivery_risk,int64,0,0.0,2
dataco_supply_chain,Category Id,int64,0,0.0,51
dataco_supply_chain,Category Name,object,0,0.0,50
dataco_supply_chain,Customer City,object,0,0.0,563
dataco_supply_chain,Customer Country,object,0,0.0,2
dataco_supply_chain,Customer Email,object,0,0.0,1
dataco_supply_chain,Customer Fname,object,0,0.0,782
dataco_supply_chain,Customer Id,int64,0,0.0,20652
dataco_supply_chain,Customer Lname,object,8,0.0,1109
dataco_supply_chain,Customer Password,object,0,0.0,1
dataco_supply_chain,Customer Segment,object,0,0.0,3
dataco_supply_chain,Customer State,object,0,0.0,46
dataco_supply_chain,Customer Street,object,0,0.0,7458
dataco_supply_chain,Customer Zipcode,float64,3,0.0,995
dataco_supply_chain,Department Id,int64,0,0.0,11
dataco_supply_chain,Department Name,object,0,0.0,11
dataco_supply_chain,Latitude,float64,0,0.0,11250
dataco_supply_chain,Longitude,float64,0,0.0,4487
dataco_supply_chain,Market,object,0,0.0,5
dataco_supply_chain,Order City,object,0,0.0,3597
dataco_supply_chain,Order Country,object,0,0.0,164
dataco_supply_chain,Order Customer Id,int64,0,0.0,20652
dataco_supply_chain,order date (DateOrders),object,0,0.0,65752
dataco_supply_chain,Order Id,int64,0,0.0,65752
dataco_supply_chain,Order Item Cardprod Id,int64,0,0.0,118
dataco_supply_chain,Order Item Discount,float64,0,0.0,1017
dataco_supply_chain,Order Item Discount Rate,float64,0,0.0,18
dataco_supply_chain,Order Item Id,int64,0,0.0,180519
dataco_supply_chain,Order Item Product Price,float64,0,0.0,75
dataco_supply_chain,Order Item Profit Ratio,float64,0,0.0,162
dataco_supply_chain,Order Item Quantity,int64,0,0.0,5
dataco_supply_chain,Sales,float64,0,0.0,193
dataco_supply_chain,Order Item Total,float64,0,0.0,2927
dataco_supply_chain,Order Profit Per Order,float64,0,0.0,21998
dataco_supply_chain,Order Region,object,0,0.0,23
dataco_supply_chain,Order State,object,0,0.0,1089
dataco_supply_chain,Order Status,object,0,0.0,9
dataco_supply_chain,Order Zipcode,float64,155679,86.24,609
dataco_supply_chain,Product Card Id,int64,0,0.0,118
dataco_supply_chain,Product Category Id,int64,0,0.0,51
dataco_supply_chain,Product Description,float64,180519,100.0,0
dataco_supply_chain,Product Image,object,0,0.0,118
dataco_supply_chain,Product Name,object,0,0.0,118
dataco_supply_chain,Product Price,float64,0,0.0,75
dataco_supply_chain,Product Status,int64,0,0.0,1
dataco_supply_chain,shipping date (DateOrders),object,0,0.0,63701
dataco_supply_chain,Shipping Mode,object,0,0.0,4
